hiddenScore,score,qualityRank,code,name,market,sector,status,judgement,signal,strategy,lastDate,lastClose,priceScore,winRate,averageReturn,maxDrawdown,periodReturn,trades,timingAction,assistAction,qualityNote,comment,nextCheck,caution,reason
164,164,164,3358,Ｔｒａｉｌｈｅａｄ　Ｇｌｏｂａｌ　Ｈｏｌｄｉｎｇｓ,スタンダード（内国株式）,小売業,様子見候補,中立,待ち,高値更新,2026-07-08,99,106.2,100,46.6,-5.8,1,1,様子見,様子見,検証回数少なめ,価格検証は良いものの回数が少ないため、まず財務と出来高を確認します,財務、材料、出来高,検証回数少なめ,高値更新型で勢いがある
157.3,157.3,157.3,3099,三越伊勢丹ホールディングス,プライム（内国株式）,小売業,未発掘の財務確認候補,良さそう,上昇中押し目,上昇中押し目,2026-07-08,3807,71.8,100,12.9,-2.5,71.4,2,今すぐ財務確認,今すぐ財務確認,負けにくさ良好,価格上は上昇中の押し目に近いです。買う前に財務と材料をすぐ確認します,BPS、EPS、現金、有利子負債、直近決算,なし,既存候補外で上昇中の押し目に見える
155.8,155.8,155.8,2385,総医研ホールディングス,グロース（内国株式）,サービス業,様子見候補,中立,待ち,高値更新,2026-07-08,211,98.6,100,39.3,0,23.4,1,様子見,様子見,検証回数少なめ,価格検証は良いものの回数が少ないため、まず財務と出来高を確認します,財務、材料、出来高,検証回数少なめ,高値更新型で勢いがある
151.1,151.1,151.1,138A,光フードサービス,グロース（内国株式）,小売業,未発掘の財務確認候補,良さそう,上昇中押し目,上昇中押し目,2026-07-08,3095,67.6,100,10.3,-1.7,51.8,2,今すぐ財務確認,今すぐ財務確認,負けにくさ良好,価格上は上昇中の押し目に近いです。買う前に財務と材料をすぐ確認します,BPS、EPS、現金、有利子負債、直近決算,なし,既存候補外で上昇中の押し目に見える
150.6,150.6,150.6,3823,ＴＨＥ　ＷＨＹ　ＨＯＷ　ＤＯ　ＣＯＭＰＡＮＹ,スタンダード（内国株式）,情報・通信業,様子見候補,中立,待ち,安値反転,2026-07-08,31,108,100,44,0,-71,1,様子見,様子見,検証回数少なめ,価格検証は良いものの回数が少ないため、まず財務と出来高を確認します,財務、材料、出来高,検証回数少なめ,安値反転の検証が良い
139.2,139.2,139.2,1720,東急建設,プライム（内国株式）,建設業,未発掘の監視候補,良さそう,安値反転候補,高値更新,2026-07-08,1199,75.3,100,12.2,-0.1,15.2,2,監視候補,監視候補,負けにくさ良好,既存候補外で価格検証に残ったため、監視候補として確認します,財務、材料、出来高,なし,高値更新型で勢いがある
139.1,139.1,139.1,1945,東京エネシス,プライム（内国株式）,建設業,様子見候補,中立,待ち,安値反転,2026-07-08,2070,89.8,100,37.6,-4.4,64.9,1,様子見,様子見,検証回数少なめ,価格検証は良いものの回数が少ないため、まず財務と出来高を確認します,財務、材料、出来高,検証回数少なめ,安値反転の検証が良い
139,139,139,3647,アスリナ,スタンダード（内国株式）,情報・通信業,未発掘の監視候補,良さそう,待ち,安値反転,2026-07-08,136,65.4,100,16.3,-6.8,-13.9,2,監視候補,監視候補,負けにくさ良好,既存候補外で価格検証に残ったため、監視候補として確認します,財務、材料、出来高,なし,安値反転の検証が良い
137.8,137.8,137.8,3646,駅探,スタンダード（内国株式）,情報・通信業,未発掘の監視候補,良さそう,安値反転候補,安値反転,2026-07-08,334,74.8,100,12.7,-1.2,-4.3,2,監視候補,監視候補,負けにくさ良好,既存候補外で価格検証に残ったため、監視候補として確認します,財務、材料、出来高,なし,安値反転の検証が良い
137.8,137.8,137.8,1950,日本電設工業,プライム（内国株式）,建設業,未発掘の監視候補,良さそう,待ち,高値更新,2026-07-08,4210,68.1,100,10.9,-0.6,64.1,4,監視候補,監視候補,負けにくさ良好,既存候補外で価格検証に残ったため、監視候補として確認します,財務、材料、出来高,なし,高値更新型で勢いがある
136,136,136,2531,宝ホールディングス,プライム（内国株式）,食料品,未発掘の監視候補,良さそう,待ち,高値更新,2026-07-08,2144,69.6,100,14.4,-0.1,82.9,2,監視候補,監視候補,負けにくさ良好,既存候補外で価格検証に残ったため、監視候補として確認します,財務、材料、出来高,なし,高値更新型で勢いがある
134.6,134.6,134.6,3673,ブロードリーフ,プライム（内国株式）,情報・通信業,未発掘の監視候補,良さそう,待ち,高値更新,2026-07-08,424,68.7,100,13.8,0,18.1,2,監視候補,監視候補,負けにくさ良好,既存候補外で価格検証に残ったため、監視候補として確認します,財務、材料、出来高,なし,高値更新型で勢いがある
134.1,134.1,134.1,2802,味の素,プライム（内国株式）,食料品,未発掘の監視候補,良さそう,待ち,上昇中押し目,2026-07-08,5702,67.1,100,11.9,-0.5,53.5,3,監視候補,監視候補,負けにくさ良好,既存候補外で価格検証に残ったため、監視候補として確認します,財務、材料、出来高,なし,価格検証で候補圏に残った
133.5,133.5,133.5,2915,ケンコーマヨネーズ,プライム（内国株式）,食料品,未発掘の監視候補,良さそう,待ち,安値反転,2026-07-08,2120,68.2,100,14,-0.6,21.7,2,監視候補,監視候補,負けにくさ良好,既存候補外で価格検証に残ったため、監視候補として確認します,財務、材料、出来高,なし,安値反転の検証が良い
132.2,132.2,132.2,1914,日本基礎技術,スタンダード（内国株式）,建設業,未発掘の監視候補,良さそう,安値反転候補,安値反転,2026-07-08,677,70.8,100,9.9,0,7.3,2,様子見,様子見,負けにくさ良好,既存候補外で価格検証に残ったため、監視候補として確認します,財務、材料、出来高,なし,安値反転の検証が良い
131.6,131.6,131.6,2195,アミタホールディングス,グロース（内国株式）,サービス業,様子見候補,中立,待ち,安値反転,2026-07-08,322,84.1,100,33.2,-2,-7.7,1,様子見,様子見,検証回数少なめ,価格検証は良いものの回数が少ないため、まず財務と出来高を確認します,財務、材料、出来高,検証回数少なめ,安値反転の検証が良い
131.3,131.3,131.3,3030,ハブ,スタンダード（内国株式）,小売業,未発掘の監視候補,良さそう,待ち,高値更新,2026-07-08,822,66.6,100,12.8,0,9.6,2,監視候補,監視候補,負けにくさ良好,既存候補外で価格検証に残ったため、監視候補として確認します,財務、材料、出来高,なし,高値更新型で勢いがある
129.7,129.7,129.7,1827,ナカノフドー建設,スタンダード（内国株式）,建設業,未発掘の監視候補,良さそう,待ち,高値更新,2026-07-08,1264,63.7,100,9.8,-2.4,75.1,4,様子見,様子見,負けにくさ良好,既存候補外で価格検証に残ったため、監視候補として確認します,財務、材料、出来高,なし,高値更新型で勢いがある
129.2,129.2,129.2,3299,ムゲンエステート,スタンダード（内国株式）,不動産業,未発掘の監視候補,良さそう,待ち,安値反転,2026-07-08,1926,66,100,13.5,-1.7,-3.7,2,監視候補,監視候補,負けにくさ良好,既存候補外で価格検証に残ったため、監視候補として確認します,財務、材料、出来高,なし,安値反転の検証が良い
126.9,126.9,126.9,3710,ジョルダン,スタンダード（内国株式）,情報・通信業,未発掘の監視候補,良さそう,安値反転候補,上昇中押し目,2026-07-08,620,67.5,100,8.4,-0.2,6.9,2,様子見,様子見,負けにくさ良好,既存候補外で価格検証に残ったため、監視候補として確認します,財務、材料、出来高,なし,価格検証で候補圏に残った
126.7,126.7,126.7,3560,ほぼ日,スタンダード（内国株式）,小売業,未発掘の監視候補,良さそう,待ち,上昇中押し目,2026-07-08,4530,64.4,100,13.4,-5.3,49.5,3,監視候補,監視候補,負けにくさ良好,既存候補外で価格検証に残ったため、監視候補として確認します,財務、材料、出来高,なし,価格検証で候補圏に残った
126.6,126.6,126.6,3423,エスイー,スタンダード（内国株式）,金属製品,未発掘の監視候補,良さそう,安値反転候補,上昇中押し目,2026-07-08,268,68.7,100,10.9,-3.4,2.3,2,監視候補,監視候補,負けにくさ良好,既存候補外で価格検証に残ったため、監視候補として確認します,財務、材料、出来高,なし,価格検証で候補圏に残った
126.2,126.2,126.2,3150,グリムス,プライム（内国株式）,電気・ガス業,未発掘の監視候補,良さそう,安値反転候補,安値反転,2026-07-08,2522,68.7,100,11.3,-4.1,8.2,2,監視候補,監視候補,負けにくさ良好,既存候補外で価格検証に残ったため、監視候補として確認します,財務、材料、出来高,なし,安値反転の検証が良い
126,126,126,3221,ヨシックスホールディングス,プライム（内国株式）,小売業,未発掘の監視候補,良さそう,安値反転候補,高値更新,2026-07-08,3270,68.7,100,11.4,-4.3,26.3,2,監視候補,監視候補,負けにくさ良好,既存候補外で価格検証に残ったため、監視候補として確認します,財務、材料、出来高,なし,高値更新型で勢いがある
126,126,126,2351,ＡＳＪ,スタンダード（内国株式）,情報・通信業,未発掘の監視候補,良さそう,待ち,安値反転,2026-07-08,332,63.2,100,11.1,0,6.1,2,監視候補,監視候補,負けにくさ良好,既存候補外で価格検証に残ったため、監視候補として確認します,財務、材料、出来高,なし,安値反転の検証が良い
125,125,125,319A,技術承継機構,グロース（内国株式）,金属製品,押し目待ちで監視,良さそう,上昇中押し目,上昇中押し目,2026-07-08,16390,69.7,83.3,10.9,-4.4,199.1,6,高値なので待つ,高値なので待つ,飛びつき注意,価格検証は強いですが、高値圏または急騰後です。押し目が出るまで待ちます,押し目、出来高継続、材料,急騰後,既存候補外で上昇中の押し目に見える
124.8,124.8,124.8,3803,イメージ情報開発,グロース（内国株式）,情報・通信業,様子見候補,中立,待ち,安値反転,2026-07-08,484,80.8,100,33.1,-4.5,-4.5,1,様子見,様子見,検証回数少なめ,価格検証は良いものの回数が少ないため、まず財務と出来高を確認します,財務、材料、出来高,検証回数少なめ,安値反転の検証が良い
124.7,124.7,124.7,2437,Ｓｈｉｎｗａ　Ｗｉｓｅ　Ｈｏｌｄｉｎｇｓ,スタンダード（内国株式）,サービス業,未発掘の監視候補,良さそう,待ち,高値更新,2026-07-08,524,60.8,75,13,-3,77.6,4,様子見,様子見,財務確認前,既存候補外で価格検証に残ったため、監視候補として確認します,財務、材料、出来高,なし,高値更新型で勢いがある
124.1,124.1,124.1,3183,ウイン・パートナーズ,プライム（内国株式）,卸売業,未発掘の監視候補,良さそう,待ち,安値反転,2026-07-08,1285,62.3,100,11.1,-0.7,-5.2,2,監視候補,監視候補,負けにくさ良好,既存候補外で価格検証に残ったため、監視候補として確認します,財務、材料、出来高,なし,安値反転の検証が良い
123.9,123.9,123.9,2341,アルバイトタイムス,スタンダード（内国株式）,サービス業,未発掘の監視候補,良さそう,待ち,上昇中押し目,2026-07-08,173,61.1,100,9.5,-1.6,13.8,3,様子見,様子見,負けにくさ良好,既存候補外で価格検証に残ったため、監視候補として確認します,財務、材料、出来高,なし,価格検証で候補圏に残った
123.1,123.1,123.1,285A,キオクシアホールディングス,プライム（内国株式）,電気機器,押し目待ちで監視,良さそう,上昇中押し目,上昇中押し目,2026-07-08,71870,71.3,100,14,-4.7,2714,2,高値なので待つ,高値なので待つ,飛びつき注意,価格検証は強いですが、高値圏または急騰後です。押し目が出るまで待ちます,押し目、出来高継続、材料,急騰後,既存候補外で上昇中の押し目に見える
123.1,123.1,123.1,1994,高橋カーテンウォール工業,スタンダード（内国株式）,建設業,未発掘の監視候補,良さそう,安値反転候補,安値反転,2026-07-08,562,64.2,66.7,11.9,-1.6,14.9,3,様子見,様子見,財務確認前,既存候補外で価格検証に残ったため、監視候補として確認します,財務、材料、出来高,なし,安値反転の検証が良い
122.9,122.9,122.9,1951,エクシオグループ,プライム（内国株式）,建設業,未発掘の監視候補,良さそう,待ち,高値更新,2026-07-08,2700,62.6,100,12.8,-3.3,47.9,2,監視候補,監視候補,負けにくさ良好,既存候補外で価格検証に残ったため、監視候補として確認します,財務、材料、出来高,なし,高値更新型で勢いがある
122.9,122.9,122.9,2612,かどや製油,スタンダード（内国株式）,食料品,未発掘の監視候補,良さそう,待ち,高値更新,2026-07-08,1842,60.2,100,8.7,-1,52.7,3,様子見,様子見,負けにくさ良好,既存候補外で価格検証に残ったため、監視候補として確認します,財務、材料、出来高,なし,高値更新型で勢いがある
122.8,122.8,122.8,1491,中外鉱業,スタンダード（内国株式）,非鉄金属,未発掘の監視候補,良さそう,待ち,安値反転,2026-07-08,728,62.7,100,13.1,-3.7,-25.7,2,監視候補,監視候補,負けにくさ良好,既存候補外で価格検証に残ったため、監視候補として確認します,財務、材料、出来高,なし,安値反転の検証が良い
122.5,122.5,122.5,142A,ジンジブ,グロース（内国株式）,サービス業,様子見候補,中立,待ち,高値更新,2026-07-08,763,77.9,100,29.6,-1.1,38,1,様子見,様子見,検証回数少なめ,価格検証は良いものの回数が少ないため、まず財務と出来高を確認します,財務、材料、出来高,検証回数少なめ,高値更新型で勢いがある
122.2,122.2,122.2,2588,プレミアムウォーターホールディングス,スタンダード（内国株式）,食料品,未発掘の監視候補,良さそう,待ち,安値反転,2026-07-08,3885,63.1,100,14.4,-5.5,25.3,2,監視候補,監視候補,負けにくさ良好,既存候補外で価格検証に残ったため、監視候補として確認します,財務、材料、出来高,なし,安値反転の検証が良い
121.8,121.8,121.8,1878,大東建託,プライム（内国株式）,不動産業,未発掘の監視候補,良さそう,待ち,安値反転,2026-07-08,3192,61.2,100,11.1,-1.6,-0.5,2,監視候補,監視候補,負けにくさ良好,既存候補外で価格検証に残ったため、監視候補として確認します,財務、材料、出来高,なし,安値反転の検証が良い
121.5,121.5,121.5,3091,ブロンコビリー,プライム（内国株式）,小売業,未発掘の監視候補,良さそう,待ち,安値反転,2026-07-08,2267,61.9,100,12.6,-3.6,20.6,2,監視候補,監視候補,負けにくさ良好,既存候補外で価格検証に残ったため、監視候補として確認します,財務、材料、出来高,なし,安値反転の検証が良い
121.2,121.2,121.2,3399,丸千代山岡家,スタンダード（内国株式）,小売業,未発掘の監視候補,良さそう,待ち,安値反転,2026-07-08,3385,60.3,100,9.8,-0.3,12.5,2,様子見,様子見,負けにくさ良好,既存候補外で価格検証に残ったため、監視候補として確認します,財務、材料、出来高,なし,安値反転の検証が良い
120.7,120.7,120.7,3768,リスクモンスター,スタンダード（内国株式）,情報・通信業,未発掘の監視候補,良さそう,安値反転候補,安値反転,2026-07-07,561,64.7,100,8.7,-3,11.8,2,様子見,様子見,負けにくさ良好,既存候補外で価格検証に残ったため、監視候補として確認します,財務、材料、出来高,なし,安値反転の検証が良い
120.2,120.2,120.2,1938,日本リーテック,プライム（内国株式）,建設業,未発掘の監視候補,良さそう,待ち,高値更新,2026-07-08,2588,60.7,100,12.2,-6.3,48.8,3,監視候補,監視候補,負けにくさ良好,既存候補外で価格検証に残ったため、監視候補として確認します,財務、材料、出来高,なし,高値更新型で勢いがある
118.8,118.8,118.8,2208,ブルボン,スタンダード（内国株式）,食料品,未発掘の監視候補,良さそう,待ち,高値更新,2026-07-08,3140,59.2,100,9.9,-1.3,21.7,2,様子見,様子見,負けにくさ良好,既存候補外で価格検証に残ったため、監視候補として確認します,財務、材料、出来高,なし,高値更新型で勢いがある
118.2,118.2,118.2,3035,ケイティケイ,スタンダード（内国株式）,卸売業,未発掘の監視候補,良さそう,待ち,上昇中押し目,2026-07-08,803,59.6,100,11.2,-3.2,24.7,2,監視候補,監視候補,負けにくさ良好,既存候補外で価格検証に残ったため、監視候補として確認します,財務、材料、出来高,なし,価格検証で候補圏に残った
117.5,117.5,117.5,2408,ＫＧ情報,スタンダード（内国株式）,サービス業,未発掘の財務確認候補,良さそう,上昇中押し目,上昇中押し目,2026-07-08,848,61.2,100,6,-4.9,35.2,4,財務確認して監視,財務確認して監視,負けにくさ良好,押し目候補ですが、通常候補へ入れる前に財務確認が必要です,BPS、EPS、現金、有利子負債、直近決算,なし,既存候補外で上昇中の押し目に見える
117,117,117,2418,ツカダ・グローバルホールディング,スタンダード（内国株式）,サービス業,未発掘の監視候補,良さそう,待ち,安値反転,2026-07-08,613,59.2,100,11.6,-4.1,10.5,2,監視候補,監視候補,負けにくさ良好,既存候補外で価格検証に残ったため、監視候補として確認します,財務、材料、出来高,なし,安値反転の検証が良い
117,117,117,157A,グリーンモンスター,グロース（内国株式）,サービス業,未発掘の監視候補,良さそう,待ち,高値更新,2026-07-08,918,57.8,80,12.2,-8,72.6,5,監視候補,監視候補,財務確認前,既存候補外で価格検証に残ったため、監視候補として確認します,財務、材料、出来高,なし,高値更新型で勢いがある
117,117,117,1723,日本電技,スタンダード（内国株式）,建設業,未発掘の監視候補,良さそう,待ち,高値更新,2026-07-08,2421,56.9,80,10.6,-6,116.9,5,監視候補,監視候補,負けにくさ良好,既存候補外で価格検証に残ったため、監視候補として確認します,財務、材料、出来高,なし,高値更新型で勢いがある
115.7,115.7,115.7,3607,クラウディアホールディングス,スタンダード（内国株式）,繊維製品,未発掘の監視候補,良さそう,待ち,安値反転,2026-07-08,356,57.2,100,8.9,-1.3,3.5,2,様子見,様子見,負けにくさ良好,既存候補外で価格検証に残ったため、監視候補として確認します,財務、材料、出来高,なし,安値反転の検証が良い
114.1,114.1,114.1,3011,バナーズ,スタンダード（内国株式）,小売業,様子見候補,中立,待ち,高値更新,2026-07-08,147,72.4,100,26.5,-0.6,2.8,1,様子見,様子見,検証回数少なめ,価格検証は良いものの回数が少ないため、まず財務と出来高を確認します,財務、材料、出来高,検証回数少なめ,高値更新型で勢いがある
113.4,113.4,113.4,3550,スタジオアタオ,グロース（内国株式）,小売業,未発掘の監視候補,良さそう,待ち,安値反転,2026-07-08,227,56.3,100,9.3,-2.7,11.3,2,様子見,様子見,負けにくさ良好,既存候補外で価格検証に残ったため、監視候補として確認します,財務、材料、出来高,なし,安値反転の検証が良い
113.3,113.3,113.3,2590,ダイドーグループホールディングス,プライム（内国株式）,食料品,未発掘の監視候補,良さそう,待ち,安値反転,2026-07-08,2813,57.3,100,11.1,-5,6.8,2,監視候補,監視候補,負けにくさ良好,既存候補外で価格検証に残ったため、監視候補として確認します,財務、材料、出来高,なし,安値反転の検証が良い
111.7,111.7,111.7,1822,大豊建設,スタンダード（内国株式）,建設業,未発掘の監視候補,良さそう,待ち,安値反転,2026-07-08,801,56.7,100,11.6,-6.2,2.7,2,監視候補,監視候補,負けにくさ良好,既存候補外で価格検証に残ったため、監視候補として確認します,財務、材料、出来高,なし,安値反転の検証が良い
111.5,111.5,111.5,3566,ユニフォームネクスト,グロース（内国株式）,小売業,未発掘の監視候補,良さそう,待ち,上昇中押し目,2026-07-08,847,56.4,100,11.2,-5.8,44,2,監視候補,監視候補,負けにくさ良好,既存候補外で価格検証に残ったため、監視候補として確認します,財務、材料、出来高,なし,価格検証で候補圏に残った
110.8,110.8,110.8,1885,東亜建設工業,プライム（内国株式）,建設業,未発掘の監視候補,良さそう,待ち,高値更新,2026-07-08,2064,52.9,75,10.5,-5.3,35.5,4,様子見,様子見,財務確認前,既存候補外で価格検証に残ったため、監視候補として確認します,財務、材料、出来高,なし,高値更新型で勢いがある
108.6,108.6,108.6,2768,双日,プライム（内国株式）,卸売業,未発掘の監視候補,良さそう,待ち,高値更新,2026-07-08,5199,51.1,66.7,10.1,-1.1,49.6,3,様子見,様子見,財務確認前,既存候補外で価格検証に残ったため、監視候補として確認します,財務、材料、出来高,なし,高値更新型で勢いがある
108,108,108,2139,中広,スタンダード（内国株式）,サービス業,未発掘の財務確認候補,中立,上昇中押し目,安値反転,2026-07-08,511,64.8,100,18.4,0,18.3,1,財務確認して監視,財務確認して監視,検証回数少なめ,押し目候補ですが、通常候補へ入れる前に財務確認が必要です,BPS、EPS、現金、有利子負債、直近決算,検証回数少なめ,既存候補外で上昇中の押し目に見える
107.5,107.5,107.5,278A,Ｔｅｒｒａ　Ｄｒｏｎｅ,グロース（内国株式）,精密機器,未発掘の監視候補,良さそう,待ち,高値更新,2026-07-08,8750,52.9,71.4,11.8,-9.8,69.9,7,様子見,様子見,財務確認前,既存候補外で価格検証に残ったため、監視候補として確認します,財務、材料、出来高,なし,高値更新型で勢いがある
106.5,106.5,106.5,2602,日清オイリオグループ,プライム（内国株式）,食料品,未発掘の監視候補,良さそう,待ち,安値反転,2026-07-08,1896,53.4,100,9.7,-6,15.5,2,様子見,様子見,負けにくさ良好,既存候補外で価格検証に残ったため、監視候補として確認します,財務、材料、出来高,なし,安値反転の検証が良い
105.1,105.1,105.1,3176,三洋貿易,プライム（内国株式）,卸売業,未発掘の監視候補,良さそう,待ち,安値反転,2026-07-08,816,52.5,100,9.5,-6.2,13.7,2,様子見,様子見,負けにくさ良好,既存候補外で価格検証に残ったため、監視候補として確認します,財務、材料、出来高,なし,安値反転の検証が良い
102.4,102.4,102.4,3370,フジタコーポレーション,スタンダード（内国株式）,小売業,未発掘の財務確認候補,中立,上昇中押し目,安値反転,2026-07-08,487,61.5,100,17.1,-0.6,29.2,1,財務確認して監視,財務確認して監視,検証回数少なめ,押し目候補ですが、通常候補へ入れる前に財務確認が必要です,BPS、EPS、現金、有利子負債、直近決算,検証回数少なめ,既存候補外で上昇中の押し目に見える
102.2,102.2,102.2,3512,日本フエルト,スタンダード（内国株式）,繊維製品,未発掘の監視候補,良さそう,待ち,高値更新,2026-07-08,1042,49,66.7,11.7,-5.6,126.5,3,様子見,様子見,財務確認前,既存候補外で価格検証に残ったため、監視候補として確認します,財務、材料、出来高,なし,高値更新型で勢いがある
102.1,102.1,102.1,3449,テクノフレックス,スタンダード（内国株式）,金属製品,押し目待ちで監視,良さそう,待ち,上昇中押し目,2026-07-08,6720,67.7,100,13,-1.9,413.8,3,高値なので待つ,高値なので待つ,飛びつき注意,価格検証は強いですが、高値圏または急騰後です。押し目が出るまで待ちます,押し目、出来高継続、材料,急騰後,価格検証で候補圏に残った
102.1,102.1,102.1,1860,戸田建設,プライム（内国株式）,建設業,未発掘の監視候補,良さそう,待ち,高値更新,2026-07-08,1597,47.5,66.7,8.8,-2.1,76.9,3,様子見,様子見,財務確認前,既存候補外で価格検証に残ったため、監視候補として確認します,財務、材料、出来高,なし,高値更新型で勢いがある
101.8,101.8,101.8,3415,ＴＯＫＹＯ　ＢＡＳＥ,プライム（内国株式）,小売業,未発掘の監視候補,良さそう,待ち,安値反転,2026-07-08,410,50.2,100,8,-5.6,-2.4,2,様子見,様子見,負けにくさ良好,既存候補外で価格検証に残ったため、監視候補として確認します,財務、材料、出来高,なし,安値反転の検証が良い
101.6,101.6,101.6,3480,ジェイ・エス・ビー,プライム（内国株式）,不動産業,押し目待ちで監視,良さそう,高値圏,高値更新,2026-07-08,8980,62.5,80,14,-3.7,143,5,高値なので待つ,高値なので待つ,飛びつき注意,価格検証は強いですが、高値圏または急騰後です。押し目が出るまで待ちます,押し目、出来高継続、材料,高値圏,高値更新型で勢いがある
101.5,101.5,101.5,3439,三ツ知,スタンダード（内国株式）,金属製品,未発掘の監視候補,良さそう,待ち,安値反転,2026-07-08,674,46.9,66.7,8.4,-1.8,9.6,3,様子見,様子見,財務確認前,既存候補外で価格検証に残ったため、監視候補として確認します,財務、材料、出来高,なし,安値反転の検証が良い
101.1,101.1,101.1,1941,中電工,プライム（内国株式）,建設業,未発掘の財務確認候補,中立,上昇中押し目,安値反転,2026-07-08,5220,60.7,100,16.7,-0.6,53.1,1,財務確認して監視,財務確認して監視,検証回数少なめ,押し目候補ですが、通常候補へ入れる前に財務確認が必要です,BPS、EPS、現金、有利子負債、直近決算,検証回数少なめ,既存候補外で上昇中の押し目に見える
100.9,100.9,100.9,3156,レスター,プライム（内国株式）,卸売業,未発掘の監視候補,良さそう,待ち,高値更新,2026-07-08,3775,47,66.7,8.9,-2.7,57.4,3,様子見,様子見,財務確認前,既存候補外で価格検証に残ったため、監視候補として確認します,財務、材料、出来高,なし,高値更新型で勢いがある
98.8,98.8,98.8,334A,ビジュアル・プロセッシング・ジャパン,グロース（内国株式）,情報・通信業,未発掘の財務確認候補,中立,上昇中押し目,安値反転,2026-07-08,926,59,100,15.5,0,23.4,1,財務確認して監視,財務確認して監視,検証回数少なめ,押し目候補ですが、通常候補へ入れる前に財務確認が必要です,BPS、EPS、現金、有利子負債、直近決算,検証回数少なめ,既存候補外で上昇中の押し目に見える
98.4,98.4,98.4,2813,和弘食品,スタンダード（内国株式）,食料品,様子見候補,中立,待ち,安値反転,2026-07-08,3980,62.1,100,21.1,0,8.2,1,様子見,様子見,検証回数少なめ,価格検証は良いものの回数が少ないため、まず財務と出来高を確認します,財務、材料、出来高,検証回数少なめ,安値反転の検証が良い
98.4,98.4,98.4,1847,イチケン,スタンダード（内国株式）,建設業,未発掘の監視候補,良さそう,待ち,高値更新,2026-07-08,2630,45.5,66.7,8.5,-3.1,70.5,3,様子見,様子見,財務確認前,既存候補外で価格検証に残ったため、監視候補として確認します,財務、材料、出来高,なし,高値更新型で勢いがある
97.6,97.6,97.6,2004,昭和産業,プライム（内国株式）,食料品,押し目待ちで監視,良さそう,高値圏,安値反転,2026-07-08,3485,61.8,100,12.9,-0.8,17.8,2,高値なので待つ,高値なので待つ,飛びつき注意,価格検証は強いですが、高値圏または急騰後です。押し目が出るまで待ちます,押し目、出来高継続、材料,高値圏,安値反転の検証が良い
97.6,97.6,97.6,1939,四電工,プライム（内国株式）,建設業,未発掘の監視候補,良さそう,待ち,高値更新,2026-07-08,1998,44.8,66.7,8,-2.8,55,3,様子見,様子見,財務確認前,既存候補外で価格検証に残ったため、監視候補として確認します,財務、材料、出来高,なし,高値更新型で勢いがある
97.4,97.4,97.4,3744,サイオス,スタンダード（内国株式）,情報・通信業,様子見候補,中立,待ち,安値反転,2026-07-08,504,62.6,100,22.8,-2.5,22.6,1,様子見,様子見,検証回数少なめ,価格検証は良いものの回数が少ないため、まず財務と出来高を確認します,財務、材料、出来高,検証回数少なめ,安値反転の検証が良い
96.7,96.7,96.7,2371,カカクコム,プライム（内国株式）,サービス業,押し目待ちで監視,良さそう,高値圏,高値更新,2026-07-08,3650,63.5,100,17.1,-6.3,37.9,2,高値なので待つ,高値なので待つ,飛びつき注意,価格検証は強いですが、高値圏または急騰後です。押し目が出るまで待ちます,押し目、出来高継続、材料,高値圏,高値更新型で勢いがある
96.3,96.3,96.3,1944,きんでん,プライム（内国株式）,建設業,未発掘の財務確認候補,中立,上昇中押し目,安値反転,2026-07-08,7792,58.9,100,17.6,-3.6,87.5,1,財務確認して監視,財務確認して監視,検証回数少なめ,押し目候補ですが、通常候補へ入れる前に財務確認が必要です,BPS、EPS、現金、有利子負債、直近決算,検証回数少なめ,既存候補外で上昇中の押し目に見える
95.9,95.9,95.9,3266,ファンドクリエーショングループ,スタンダード（内国株式）,不動産業,未発掘の監視候補,良さそう,安値反転候補,安値反転,2026-07-08,83,50.9,66.7,10.9,-11,0,3,様子見,様子見,財務確認前,既存候補外で価格検証に残ったため、監視候補として確認します,財務、材料、出来高,なし,安値反転の検証が良い
95.5,95.5,95.5,1436,グリーンエナジー＆カンパニー,グロース（内国株式）,建設業,様子見候補,中立,待ち,上昇中押し目,2026-07-08,1413,60.3,100,20.2,0,98.6,1,様子見,様子見,検証回数少なめ,価格検証は良いものの回数が少ないため、まず財務と出来高を確認します,財務、材料、出来高,検証回数少なめ,価格検証で候補圏に残った
95.2,95.2,95.2,2970,ＧＬＣ　ＧＲＯＵＰ,スタンダード（内国株式）,不動産業,様子見候補,中立,待ち,安値反転,2026-07-08,940,61.8,100,23.2,-3.9,17.7,1,様子見,様子見,検証回数少なめ,価格検証は良いものの回数が少ないため、まず財務と出来高を確認します,財務、材料、出来高,検証回数少なめ,安値反転の検証が良い
95.1,95.1,95.1,247A,Ａｉロボティクス,グロース（内国株式）,化学,様子見候補,中立,待ち,安値反転,2026-07-08,794,60.2,100,20.4,-0.4,-37.4,1,様子見,様子見,検証回数少なめ,価格検証は良いものの回数が少ないため、まず財務と出来高を確認します,財務、材料、出来高,検証回数少なめ,安値反転の検証が良い
95,95,95,3192,白鳩,スタンダード（内国株式）,小売業,未発掘の監視候補,良さそう,待ち,高値更新,2026-07-08,343,45.3,66.7,11.1,-7.7,28,3,様子見,様子見,財務確認前,既存候補外で価格検証に残ったため、監視候補として確認します,財務、材料、出来高,なし,高値更新型で勢いがある
94.9,94.9,94.9,2393,日本ケアサプライ,スタンダード（内国株式）,サービス業,様子見候補,中立,待ち,安値反転,2026-07-08,4135,63.1,100,26,-7.5,105.9,1,様子見,様子見,検証回数少なめ,価格検証は良いものの回数が少ないため、まず財務と出来高を確認します,財務、材料、出来高,検証回数少なめ,安値反転の検証が良い
94.7,94.7,94.7,246A,アスア,グロース（内国株式）,サービス業,様子見候補,中立,待ち,安値反転,2026-07-08,1031,59.8,100,19.9,0,34.9,1,様子見,様子見,検証回数少なめ,価格検証は良いものの回数が少ないため、まず財務と出来高を確認します,財務、材料、出来高,検証回数少なめ,安値反転の検証が良い
94.4,94.4,94.4,3173,Ｃｏｍｉｎｉｘ,スタンダード（内国株式）,卸売業,押し目待ちで監視,良さそう,高値圏,安値反転,2026-07-08,1065,60.2,100,12.7,-1.8,29.7,2,高値なので待つ,高値なので待つ,飛びつき注意,価格検証は強いですが、高値圏または急騰後です。押し目が出るまで待ちます,押し目、出来高継続、材料,高値圏,安値反転の検証が良い
93.6,93.6,93.6,3544,サツドラホールディングス,スタンダード（内国株式）,小売業,未発掘の監視候補,良さそう,待ち,安値反転,2026-07-08,1250,44.1,66.7,10.1,-7,43.5,3,様子見,様子見,財務確認前,既存候補外で価格検証に残ったため、監視候補として確認します,財務、材料、出来高,なし,安値反転の検証が良い
93.5,93.5,93.5,255A,ジーエルテクノホールディングス,スタンダード（内国株式）,精密機器,様子見候補,中立,待ち,安値反転,2026-07-08,5940,59.3,100,20,-0.6,107.3,1,様子見,様子見,検証回数少なめ,価格検証は良いものの回数が少ないため、まず財務と出来高を確認します,財務、材料、出来高,検証回数少なめ,安値反転の検証が良い
93.3,93.3,93.3,2764,ひらまつ,スタンダード（内国株式）,小売業,様子見候補,中立,待ち,安値反転,2026-07-08,144,60.3,100,22.1,-3.3,5.9,1,様子見,様子見,検証回数少なめ,価格検証は良いものの回数が少ないため、まず財務と出来高を確認します,財務、材料、出来高,検証回数少なめ,安値反転の検証が良い
92.2,92.2,92.2,3863,日本製紙,プライム（内国株式）,パルプ・紙,未発掘の財務確認候補,良さそう,上昇中押し目,上昇中押し目,2026-07-08,1344,46.1,75,4.4,-7.4,33.6,4,財務確認して監視,財務確認して監視,財務確認前,押し目候補ですが、通常候補へ入れる前に財務確認が必要です,BPS、EPS、現金、有利子負債、直近決算,なし,既存候補外で上昇中の押し目に見える
92,92,92,186A,アストロスケールホールディングス,グロース（内国株式）,サービス業,様子見候補,中立,待ち,安値反転,2026-07-08,1073,58.1,100,19,0,53.1,1,様子見,様子見,検証回数少なめ,価格検証は良いものの回数が少ないため、まず財務と出来高を確認します,財務、材料、出来高,検証回数少なめ,安値反転の検証が良い
91.7,91.7,91.7,1961,三機工業,プライム（内国株式）,建設業,未発掘の財務確認候補,良さそう,上昇中押し目,上昇中押し目,2026-07-08,2640,45.7,75,4,-7.1,97.8,4,財務確認して監視,財務確認して監視,財務確認前,押し目候補ですが、通常候補へ入れる前に財務確認が必要です,BPS、EPS、現金、有利子負債、直近決算,なし,既存候補外で上昇中の押し目に見える
91.5,91.5,91.5,3858,ユビキタスＡＩ,スタンダード（内国株式）,情報・通信業,様子見候補,中立,待ち,高値更新,2026-07-08,294,57.8,100,18.9,0,-24.6,1,様子見,様子見,検証回数少なめ,価格検証は良いものの回数が少ないため、まず財務と出来高を確認します,財務、材料、出来高,検証回数少なめ,高値更新型で勢いがある
91.4,91.4,91.4,2469,ヒビノ,スタンダード（内国株式）,サービス業,未発掘の監視候補,良さそう,待ち,高値更新,2026-07-08,2759,42.1,66.7,8.2,-5.5,17.7,3,様子見,様子見,財務確認前,既存候補外で価格検証に残ったため、監視候補として確認します,財務、材料、出来高,なし,高値更新型で勢いがある
90.9,90.9,90.9,1407,ウエストホールディングス,スタンダード（内国株式）,建設業,様子見候補,中立,待ち,安値反転,2026-07-08,2237,57.4,100,18.7,0,40.1,1,様子見,様子見,検証回数少なめ,価格検証は良いものの回数が少ないため、まず財務と出来高を確認します,財務、材料、出来高,検証回数少なめ,安値反転の検証が良い
89.6,89.6,89.6,3747,インタートレード,スタンダード（内国株式）,情報・通信業,様子見候補,中立,待ち,上昇中押し目,2026-07-08,406,56.6,100,18.3,0,0,1,様子見,様子見,検証回数少なめ,価格検証は良いものの回数が少ないため、まず財務と出来高を確認します,財務、材料、出来高,検証回数少なめ,価格検証で候補圏に残った
89.1,89.1,89.1,264A,Ｓｃｈｏｏ,グロース（内国株式）,サービス業,様子見候補,中立,待ち,安値反転,2026-07-08,315,56.9,100,19.3,-1.5,-62.2,1,様子見,様子見,検証回数少なめ,価格検証は良いものの回数が少ないため、まず財務と出来高を確認します,財務、材料、出来高,検証回数少なめ,安値反転の検証が良い
88.9,88.9,88.9,2667,イメージ　ワン,スタンダード（内国株式）,卸売業,様子見候補,中立,待ち,安値反転,2026-07-08,130,56.1,100,18.1,0,-47.8,1,様子見,様子見,検証回数少なめ,価格検証は良いものの回数が少ないため、まず財務と出来高を確認します,財務、材料、出来高,検証回数少なめ,安値反転の検証が良い
88.5,88.5,88.5,1905,テノックス,スタンダード（内国株式）,建設業,未発掘の監視候補,良さそう,待ち,上昇中押し目,2026-07-08,1506,55.3,100,7.3,-5.3,27.5,4,様子見,様子見,負けにくさ良好,既存候補外で価格検証に残ったため、監視候補として確認します,財務、材料、出来高,なし,価格検証で候補圏に残った
88.1,88.1,88.1,2180,サニーサイドアップグループ,スタンダード（内国株式）,サービス業,押し目待ちで監視,良さそう,高値圏,上昇中押し目,2026-07-08,1306,57.1,100,12.4,-3.9,143.2,2,高値なので待つ,高値なので待つ,飛びつき注意,価格検証は強いですが、高値圏または急騰後です。押し目が出るまで待ちます,押し目、出来高継続、材料,高値圏,価格検証で候補圏に残った
88,88,88,3465,ケイアイスター不動産,プライム（内国株式）,不動産業,未発掘の財務確認候補,良さそう,上昇中押し目,高値更新,2026-07-08,3725,45,66.7,6.8,-7.5,60.6,3,財務確認して監視,財務確認して監視,財務確認前,押し目候補ですが、通常候補へ入れる前に財務確認が必要です,BPS、EPS、現金、有利子負債、直近決算,なし,既存候補外で上昇中の押し目に見える
87.9,87.9,87.9,2656,ベクターホールディングス,スタンダード（内国株式）,小売業,様子見候補,中立,待ち,安値反転,2026-07-08,161,56.5,100,19.7,-2.4,18.4,1,様子見,様子見,検証回数少なめ,価格検証は良いものの回数が少ないため、まず財務と出来高を確認します,財務、材料、出来高,検証回数少なめ,安値反転の検証が良い
87.7,87.7,87.7,149A,シンカ,グロース（内国株式）,情報・通信業,未発掘の監視候補,良さそう,待ち,高値更新,2026-07-08,756,41.3,66.7,10,-9.2,-31.3,3,様子見,様子見,財務確認前,既存候補外で価格検証に残ったため、監視候補として確認します,財務、材料、出来高,なし,高値更新型で勢いがある
87.1,87.1,87.1,3561,力の源ホールディングス,プライム（内国株式）,小売業,押し目待ちで監視,良さそう,高値圏,安値反転,2026-07-08,1563,54.9,100,8.9,0,12.2,2,高値なので待つ,高値なので待つ,飛びつき注意,価格検証は強いですが、高値圏または急騰後です。押し目が出るまで待ちます,押し目、出来高継続、材料,高値圏,安値反転の検証が良い
86.8,86.8,86.8,3105,日清紡ホールディングス,プライム（内国株式）,電気機器,未発掘の財務確認候補,良さそう,上昇中押し目,上昇中押し目,2026-07-08,2281.5,43.8,66.7,5.6,-6.5,150.6,3,財務確認して監視,財務確認して監視,財務確認前,押し目候補ですが、通常候補へ入れる前に財務確認が必要です,BPS、EPS、現金、有利子負債、直近決算,なし,既存候補外で上昇中の押し目に見える
86.6,86.6,86.6,3591,ワコールホールディングス,プライム（内国株式）,繊維製品,未発掘の財務確認候補,良さそう,上昇中押し目,安値反転,2026-07-08,4522,43.6,66.7,5.5,-6.4,-8.5,3,財務確認して監視,財務確認して監視,財務確認前,押し目候補ですが、通常候補へ入れる前に財務確認が必要です,BPS、EPS、現金、有利子負債、直近決算,なし,既存候補外で上昇中の押し目に見える
86.4,86.4,86.4,3157,ジオリーブグループ,スタンダード（内国株式）,卸売業,未発掘の監視候補,良さそう,安値反転候補,高値更新,2026-07-08,1443,59.8,100,6.6,-3.7,26.9,2,様子見,様子見,負けにくさ良好,既存候補外で価格検証に残ったため、監視候補として確認します,財務、材料、出来高,なし,高値更新型で勢いがある
86.2,86.2,86.2,3113,ＵＮＩＶＡ・Ｏａｋホールディングス,スタンダード（内国株式）,証券、商品先物取引業,様子見候補,中立,待ち,安値反転,2026-07-08,74,54.4,100,17.2,0,-6.3,1,様子見,様子見,検証回数少なめ,価格検証は良いものの回数が少ないため、まず財務と出来高を確認します,財務、材料、出来高,検証回数少なめ,安値反転の検証が良い
85.9,85.9,85.9,3374,内外テック,スタンダード（内国株式）,卸売業,未発掘の財務確認候補,良さそう,上昇中押し目,上昇中押し目,2026-07-08,3210,43.1,66.7,5.1,-6.2,59.4,3,財務確認して監視,財務確認して監視,財務確認前,押し目候補ですが、通常候補へ入れる前に財務確認が必要です,BPS、EPS、現金、有利子負債、直近決算,なし,既存候補外で上昇中の押し目に見える
85.8,85.8,85.8,3178,チムニー,スタンダード（内国株式）,小売業,未発掘の監視候補,良さそう,待ち,安値反転,2026-07-08,1160,54.7,100,7.5,-1.1,-5,2,様子見,様子見,負けにくさ良好,既存候補外で価格検証に残ったため、監視候補として確認します,財務、材料、出来高,なし,安値反転の検証が良い
85.5,85.5,85.5,2493,イーサポートリンク,スタンダード（内国株式）,サービス業,未発掘の監視候補,良さそう,安値反転候補,上昇中押し目,2026-07-08,951,57.9,100,3.7,-0.5,1.6,2,様子見,様子見,負けにくさ良好,既存候補外で価格検証に残ったため、監視候補として確認します,財務、材料、出来高,なし,価格検証で候補圏に残った
85.3,85.3,85.3,2267,ヤクルト本社,プライム（内国株式）,食料品,未発掘の監視候補,良さそう,待ち,安値反転,2026-07-08,2920,54.2,100,7,-0.7,3.9,2,様子見,様子見,負けにくさ良好,既存候補外で価格検証に残ったため、監視候補として確認します,財務、材料、出来高,なし,安値反転の検証が良い
84.9,84.9,84.9,2164,地域新聞社,スタンダード（内国株式）,サービス業,様子見候補,中立,待ち,安値反転,2026-07-08,156,53.6,100,16.8,0,33.7,1,様子見,様子見,検証回数少なめ,価格検証は良いものの回数が少ないため、まず財務と出来高を確認します,財務、材料、出来高,検証回数少なめ,安値反転の検証が良い
84.6,84.6,84.6,166A,タスキホールディングス,グロース（内国株式）,不動産業,未発掘の財務確認候補,良さそう,上昇中押し目,上昇中押し目,2026-07-08,1096,42.4,66.7,5.1,-6.7,62.9,3,財務確認して監視,財務確認して監視,財務確認前,押し目候補ですが、通常候補へ入れる前に財務確認が必要です,BPS、EPS、現金、有利子負債、直近決算,なし,既存候補外で上昇中の押し目に見える
84.2,84.2,84.2,3840,パス,スタンダード（内国株式）,情報・通信業,未発掘の監視候補,良さそう,待ち,安値反転,2026-07-08,63,40.1,66.7,10.9,-11.7,-45.7,3,様子見,様子見,財務確認前,既存候補外で価格検証に残ったため、監視候補として確認します,財務、材料、出来高,なし,安値反転の検証が良い
83.9,83.9,83.9,3070,ジェリービーンズグループ,グロース（内国株式）,卸売業,様子見候補,中立,待ち,安値反転,2026-07-08,78,52.9,100,16.5,0,-65.9,1,様子見,様子見,検証回数少なめ,価格検証は良いものの回数が少ないため、まず財務と出来高を確認します,財務、材料、出来高,検証回数少なめ,安値反転の検証が良い
83.2,83.2,83.2,3682,エンカレッジ・テクノロジ,スタンダード（内国株式）,情報・通信業,未発掘の監視候補,良さそう,安値反転候補,安値反転,2026-07-08,599,56.4,100,3,-0.5,-3.5,2,様子見,様子見,負けにくさ良好,既存候補外で価格検証に残ったため、監視候補として確認します,財務、材料、出来高,なし,安値反転の検証が良い
82.4,82.4,82.4,2321,ソフトフロントホールディングス,グロース（内国株式）,情報・通信業,様子見候補,中立,待ち,安値反転,2026-07-08,137,52,100,16,0,14.2,1,様子見,様子見,検証回数少なめ,価格検証は良いものの回数が少ないため、まず財務と出来高を確認します,財務、材料、出来高,検証回数少なめ,安値反転の検証が良い
82.3,82.3,82.3,3107,ダイワボウホールディングス,プライム（内国株式）,卸売業,様子見候補,中立,待ち,安値反転,2026-07-08,3394,52.1,100,16.2,-0.3,33.9,1,様子見,様子見,検証回数少なめ,価格検証は良いものの回数が少ないため、まず財務と出来高を確認します,財務、材料、出来高,検証回数少なめ,安値反転の検証が良い
81.9,81.9,81.9,3202,ダイトウボウ,スタンダード（内国株式）,繊維製品,様子見候補,中立,安値反転候補,安値反転,2026-07-08,128,64.2,100,17.1,0,19.6,1,様子見,様子見,検証回数少なめ,価格検証は良いものの回数が少ないため、まず財務と出来高を確認します,財務、材料、出来高,検証回数少なめ,安値反転の検証が良い
81.6,81.6,81.6,2497,ユナイテッド,グロース（内国株式）,サービス業,未発掘の監視候補,良さそう,安値反転候補,安値反転,2026-07-08,518,57,100,5.6,-4.3,-9.1,2,様子見,様子見,負けにくさ良好,既存候補外で価格検証に残ったため、監視候補として確認します,財務、材料、出来高,なし,安値反転の検証が良い
81.6,81.6,81.6,190A,Ｃｈｏｒｄｉａ　Ｔｈｅｒａｐｅｕｔｉｃｓ,グロース（内国株式）,医薬品,様子見候補,中立,待ち,安値反転,2026-07-08,78,51.5,100,15.7,0,-62.5,1,様子見,様子見,検証回数少なめ,価格検証は良いものの回数が少ないため、まず財務と出来高を確認します,財務、材料、出来高,検証回数少なめ,安値反転の検証が良い
81.1,81.1,81.1,2503,キリンホールディングス,プライム（内国株式）,食料品,押し目待ちで監視,良さそう,高値圏,上昇中押し目,2026-07-08,2905,51.6,100,8.8,-4.9,41.8,3,高値なので待つ,高値なので待つ,飛びつき注意,価格検証は強いですが、高値圏または急騰後です。押し目が出るまで待ちます,押し目、出来高継続、材料,高値圏,価格検証で候補圏に残った
81.1,81.1,81.1,1960,サンテック,スタンダード（内国株式）,建設業,未発掘の財務確認候補,良さそう,上昇中押し目,上昇中押し目,2026-07-08,1511,40,66.7,3.5,-6.1,79.7,3,財務確認して監視,財務確認して監視,財務確認前,押し目候補ですが、通常候補へ入れる前に財務確認が必要です,BPS、EPS、現金、有利子負債、直近決算,なし,既存候補外で上昇中の押し目に見える
81,81,81,2788,アップルインターナショナル,スタンダード（内国株式）,卸売業,未発掘の監視候補,良さそう,待ち,安値反転,2026-07-08,378,51.5,100,5.8,-0.9,11.8,2,様子見,様子見,負けにくさ良好,既存候補外で価格検証に残ったため、監視候補として確認します,財務、材料、出来高,なし,安値反転の検証が良い
80.9,80.9,80.9,1446,キャンディル,スタンダード（内国株式）,建設業,未発掘の監視候補,良さそう,安値反転候補,安値反転,2026-07-08,534,55.4,100,3.1,-1.5,-5.3,2,様子見,様子見,負けにくさ良好,既存候補外で価格検証に残ったため、監視候補として確認します,財務、材料、出来高,なし,安値反転の検証が良い
80.6,80.6,80.6,3041,ビューティカダンホールディングス,スタンダード（内国株式）,卸売業,様子見候補,中立,待ち,安値反転,2026-07-08,440,50.9,100,15.4,0,-24.1,1,様子見,様子見,検証回数少なめ,価格検証は良いものの回数が少ないため、まず財務と出来高を確認します,財務、材料、出来高,検証回数少なめ,安値反転の検証が良い
80.5,80.5,80.5,3479,ティーケーピー,グロース（内国株式）,不動産業,様子見候補,中立,待ち,安値反転,2026-07-08,1743,50.8,100,15.4,0,-3.8,1,様子見,様子見,検証回数少なめ,価格検証は良いものの回数が少ないため、まず財務と出来高を確認します,財務、材料、出来高,検証回数少なめ,安値反転の検証が良い
80.4,80.4,80.4,3854,アイル,プライム（内国株式）,情報・通信業,未発掘の監視候補,良さそう,待ち,安値反転,2026-07-08,2475,52,100,7.2,-2.9,-9.4,2,様子見,様子見,負けにくさ良好,既存候補外で価格検証に残ったため、監視候補として確認します,財務、材料、出来高,なし,安値反転の検証が良い
80.4,80.4,80.4,2485,ティア,スタンダード（内国株式）,サービス業,未発掘の監視候補,良さそう,待ち,安値反転,2026-07-08,478,50.8,100,5.1,-0.2,-7.2,2,様子見,様子見,負けにくさ良好,既存候補外で価格検証に残ったため、監視候補として確認します,財務、材料、出来高,なし,安値反転の検証が良い
80.3,80.3,80.3,3626,ＴＩＳ,プライム（内国株式）,情報・通信業,未発掘の監視候補,良さそう,待ち,安値反転,2026-07-08,3492,51.2,100,5.8,-1.2,-26.8,2,様子見,様子見,負けにくさ良好,既存候補外で価格検証に残ったため、監視候補として確認します,財務、材料、出来高,なし,安値反転の検証が良い
80.3,80.3,80.3,1952,新日本空調,プライム（内国株式）,建設業,様子見候補,中立,待ち,安値反転,2026-07-08,3705,50.7,100,15.3,0,60.7,1,様子見,様子見,検証回数少なめ,価格検証は良いものの回数が少ないため、まず財務と出来高を確認します,財務、材料、出来高,検証回数少なめ,安値反転の検証が良い
80.1,80.1,80.1,1833,奥村組,プライム（内国株式）,建設業,未発掘の監視候補,良さそう,安値反転候補,高値更新,2026-07-08,5680,53.5,66.7,6.6,-1.7,33.6,3,様子見,様子見,財務確認前,既存候補外で価格検証に残ったため、監視候補として確認します,財務、材料、出来高,なし,高値更新型で勢いがある
80.1,80.1,80.1,1926,ライト工業,プライム（内国株式）,建設業,未発掘の監視候補,良さそう,待ち,上昇中押し目,2026-07-08,4070,51,100,6.1,-4.4,39.1,3,様子見,様子見,負けにくさ良好,既存候補外で価格検証に残ったため、監視候補として確認します,財務、材料、出来高,なし,価格検証で候補圏に残った
80.1,80.1,80.1,2705,大戸屋ホールディングス,スタンダード（内国株式）,小売業,様子見候補,中立,待ち,安値反転,2026-07-08,7820,50.5,100,15.3,0,48.1,1,様子見,様子見,検証回数少なめ,価格検証は良いものの回数が少ないため、まず財務と出来高を確認します,財務、材料、出来高,検証回数少なめ,安値反転の検証が良い
80,80,80,1909,日本ドライケミカル,スタンダード（内国株式）,機械,押し目待ちで監視,中立,待ち,上昇中押し目,2026-07-08,3695,70.8,100,25.4,0,200.7,1,高値なので待つ,高値なので待つ,飛びつき注意,価格検証は強いですが、高値圏または急騰後です。押し目が出るまで待ちます,押し目、出来高継続、材料,検証回数少なめ / 急騰後,価格検証で候補圏に残った
79.9,79.9,79.9,253A,ＥＴＳグループ,スタンダード（内国株式）,建設業,様子見候補,中立,待ち,高値更新,2026-07-08,1095,50.4,100,15.2,0,55.5,1,様子見,様子見,検証回数少なめ,価格検証は良いものの回数が少ないため、まず財務と出来高を確認します,財務、材料、出来高,検証回数少なめ,高値更新型で勢いがある
79.6,79.6,79.6,2810,ハウス食品グループ本社,プライム（内国株式）,食料品,押し目待ちで監視,良さそう,高値圏,安値反転,2026-07-08,3958,51.2,100,8.6,-2.6,42.9,2,高値なので待つ,高値なので待つ,飛びつき注意,価格検証は強いですが、高値圏または急騰後です。押し目が出るまで待ちます,押し目、出来高継続、材料,高値圏,安値反転の検証が良い
79.5,79.5,79.5,1930,北陸電気工事,プライム（内国株式）,建設業,様子見候補,中立,待ち,安値反転,2026-07-08,1617,51.1,100,16.8,-2.2,38.4,1,様子見,様子見,検証回数少なめ,価格検証は良いものの回数が少ないため、まず財務と出来高を確認します,財務、材料、出来高,検証回数少なめ,安値反転の検証が良い
78.9,78.9,78.9,3444,菊池製作所,スタンダード（内国株式）,金属製品,押し目待ちで監視,良さそう,待ち,高値更新,2026-07-08,1058,54.6,83.3,10.1,-8.9,204.9,6,高値なので待つ,高値なので待つ,飛びつき注意,価格検証は強いですが、高値圏または急騰後です。押し目が出るまで待ちます,押し目、出来高継続、材料,急騰後,高値更新型で勢いがある
78.5,78.5,78.5,2897,日清食品ホールディングス,プライム（内国株式）,食料品,未発掘の監視候補,良さそう,待ち,安値反転,2026-07-08,2919,50,100,5.2,-1.1,-1,2,様子見,様子見,負けにくさ良好,既存候補外で価格検証に残ったため、監視候補として確認します,財務、材料、出来高,なし,安値反転の検証が良い
78.4,78.4,78.4,2436,共同ピーアール,スタンダード（内国株式）,サービス業,様子見候補,中立,待ち,安値反転,2026-07-08,602,50.8,100,17.3,-3.2,31.6,1,様子見,様子見,検証回数少なめ,価格検証は良いものの回数が少ないため、まず財務と出来高を確認します,財務、材料、出来高,検証回数少なめ,安値反転の検証が良い
78.4,78.4,78.4,3787,テクノマセマティカル,スタンダード（内国株式）,情報・通信業,様子見候補,中立,待ち,安値反転,2026-07-08,303,50.8,100,17.3,-3.2,-43.8,1,様子見,様子見,検証回数少なめ,価格検証は良いものの回数が少ないため、まず財務と出来高を確認します,財務、材料、出来高,検証回数少なめ,安値反転の検証が良い
78.3,78.3,78.3,3232,三重交通グループホールディングス,プライム（内国株式）,不動産業,未発掘の監視候補,良さそう,待ち,安値反転,2026-07-08,555,49.7,100,4.7,-0.6,15.1,2,様子見,様子見,負けにくさ良好,既存候補外で価格検証に残ったため、監視候補として確認します,財務、材料、出来高,なし,安値反転の検証が良い
78,78,78,3271,ＴＨＥグローバル社,スタンダード（内国株式）,不動産業,押し目待ちで監視,中立,高値圏,高値更新,2026-07-08,1268,74.4,100,29.2,0,24.8,1,高値なので待つ,高値なので待つ,飛びつき注意,価格検証は強いですが、高値圏または急騰後です。押し目が出るまで待ちます,押し目、出来高継続、材料,検証回数少なめ / 高値圏,高値更新型で勢いがある
77.4,77.4,77.4,2060,フィード・ワン,プライム（内国株式）,食料品,様子見候補,中立,待ち,安値反転,2026-07-08,1272,49.2,100,15.1,-0.9,29.7,1,様子見,様子見,検証回数少なめ,価格検証は良いものの回数が少ないため、まず財務と出来高を確認します,財務、材料、出来高,検証回数少なめ,安値反転の検証が良い
77.3,77.3,77.3,2607,不二製油,プライム（内国株式）,食料品,様子見候補,中立,待ち,安値反転,2026-07-08,4173,49.1,100,15,-0.8,47.6,1,様子見,様子見,検証回数少なめ,価格検証は良いものの回数が少ないため、まず財務と出来高を確認します,財務、材料、出来高,検証回数少なめ,安値反転の検証が良い
77.2,77.2,77.2,2914,日本たばこ産業,プライム（内国株式）,食料品,未発掘の監視候補,良さそう,待ち,上昇中押し目,2026-07-08,6202,48.9,100,4.8,-3.9,41.6,3,様子見,様子見,負けにくさ良好,既存候補外で価格検証に残ったため、監視候補として確認します,財務、材料、出来高,なし,価格検証で候補圏に残った
76.7,76.7,76.7,3546,アレンザホールディングス,プライム（内国株式）,小売業,押し目待ちで監視,中立,高値圏,安値反転,2026-06-26,1455,73.6,100,28.8,0,44.1,1,高値なので待つ,高値なので待つ,飛びつき注意,価格検証は強いですが、高値圏または急騰後です。押し目が出るまで待ちます,押し目、出来高継続、材料,検証回数少なめ / 高値圏,安値反転の検証が良い
76.3,76.3,76.3,2220,亀田製菓,プライム（内国株式）,食料品,未発掘の監視候補,良さそう,待ち,安値反転,2026-07-08,1305,50.3,100,7.8,-5.2,7.3,2,様子見,様子見,負けにくさ良好,既存候補外で価格検証に残ったため、監視候補として確認します,財務、材料、出来高,なし,安値反転の検証が良い
76.3,76.3,76.3,1848,富士ピー・エス,スタンダード（内国株式）,建設業,未発掘の監視候補,良さそう,待ち,高値更新,2026-07-08,668,46.8,66.7,7.3,-0.2,41.5,3,様子見,様子見,財務確認前,既存候補外で価格検証に残ったため、監視候補として確認します,財務、材料、出来高,なし,高値更新型で勢いがある
75.6,75.6,75.6,2938,オカムラ食品工業,スタンダード（内国株式）,食料品,様子見候補,中立,待ち,安値反転,2026-07-08,1294,48.5,100,15.4,-1.9,-2.5,1,様子見,様子見,検証回数少なめ,価格検証は良いものの回数が少ないため、まず財務と出来高を確認します,財務、材料、出来高,検証回数少なめ,安値反転の検証が良い
75,75,75,3698,ＣＲＩ・ミドルウェア,スタンダード（内国株式）,情報・通信業,未発掘の財務確認候補,中立,上昇中押し目,上昇中押し目,2026-07-08,1177,45.1,100,10.3,-2.9,-13.1,1,財務確認して監視,財務確認して監視,検証回数少なめ,押し目候補ですが、通常候補へ入れる前に財務確認が必要です,BPS、EPS、現金、有利子負債、直近決算,検証回数少なめ,既存候補外で上昇中の押し目に見える
74.9,74.9,74.9,3796,いい生活,スタンダード（内国株式）,情報・通信業,未発掘の監視候補,良さそう,待ち,安値反転,2026-07-08,276,48.5,100,5.5,-2.9,8.7,2,様子見,様子見,負けにくさ良好,既存候補外で価格検証に残ったため、監視候補として確認します,財務、材料、出来高,なし,安値反転の検証が良い
74.8,74.8,74.8,2053,中部飼料,プライム（内国株式）,食料品,未発掘の監視候補,良さそう,待ち,安値反転,2026-07-08,1925,48.8,100,6,-3.6,25.3,2,様子見,様子見,負けにくさ良好,既存候補外で価格検証に残ったため、監視候補として確認します,財務、材料、出来高,なし,安値反転の検証が良い
74.6,74.6,74.6,1982,日比谷総合設備,プライム（内国株式）,建設業,未発掘の監視候補,良さそう,待ち,上昇中押し目,2026-07-08,3055,46.3,75,7,-5,68.8,4,様子見,様子見,財務確認前,既存候補外で価格検証に残ったため、監視候補として確認します,財務、材料、出来高,なし,価格検証で候補圏に残った
74.5,74.5,74.5,1852,淺沼組,プライム（内国株式）,建設業,未発掘の監視候補,良さそう,待ち,高値更新,2026-07-08,851,49.1,100,7,-4.9,15.3,2,様子見,様子見,負けにくさ良好,既存候補外で価格検証に残ったため、監視候補として確認します,財務、材料、出来高,なし,高値更新型で勢いがある
74.3,74.3,74.3,2342,トランスジェニックグループ,スタンダード（内国株式）,サービス業,未発掘の監視候補,良さそう,安値反転候補,上昇中押し目,2026-07-08,216,51.6,75,7.3,-9.4,24.9,4,様子見,様子見,財務確認前,既存候補外で価格検証に残ったため、監視候補として確認します,財務、材料、出来高,なし,価格検証で候補圏に残った
73.7,73.7,73.7,2997,ストレージ王,グロース（内国株式）,不動産業,様子見候補,中立,安値反転候補,高値更新,2026-07-08,949,59,100,14.5,0,10.6,1,様子見,様子見,検証回数少なめ,価格検証は良いものの回数が少ないため、まず財務と出来高を確認します,財務、材料、出来高,検証回数少なめ,高値更新型で勢いがある
73.6,73.6,73.6,3168,ＭＥＲＦ,スタンダード（内国株式）,卸売業,未発掘の監視候補,良さそう,待ち,上昇中押し目,2026-07-08,1240,46.3,75,7.9,-6.5,134,4,様子見,様子見,財務確認前,既存候補外で価格検証に残ったため、監視候補として確認します,財務、材料、出来高,なし,価格検証で候補圏に残った
72.5,72.5,72.5,2229,カルビー,プライム（内国株式）,食料品,未発掘の監視候補,良さそう,待ち,上昇中押し目,2026-07-08,3079,46.4,100,3.5,-1.4,12.7,2,様子見,様子見,負けにくさ良好,既存候補外で価格検証に残ったため、監視候補として確認します,財務、材料、出来高,なし,価格検証で候補圏に残った
71.5,71.5,71.5,177A,コージンバイオ,グロース（内国株式）,化学,様子見候補,中立,待ち,安値反転,2026-07-08,856,46.7,100,15.8,-4,-50.9,1,様子見,様子見,検証回数少なめ,価格検証は良いものの回数が少ないため、まず財務と出来高を確認します,財務、材料、出来高,検証回数少なめ,安値反転の検証が良い
71.2,71.2,71.2,2681,ゲオホールディングス,プライム（内国株式）,小売業,未発掘の監視候補,良さそう,待ち,高値更新,2026-07-08,2032,47.9,100,7.6,-7,31.9,2,様子見,様子見,負けにくさ良好,既存候補外で価格検証に残ったため、監視候補として確認します,財務、材料、出来高,なし,高値更新型で勢いがある
70.6,70.6,70.6,3036,アルコニックス,プライム（内国株式）,卸売業,未発掘の監視候補,良さそう,安値反転候補,高値更新,2026-07-08,2456,48.9,66.7,6.3,-5.1,34.3,3,様子見,様子見,財務確認前,既存候補外で価格検証に残ったため、監視候補として確認します,財務、材料、出来高,なし,高値更新型で勢いがある
70.3,70.3,70.3,1414,ショーボンドホールディングス,プライム（内国株式）,建設業,様子見候補,中立,安値反転候補,高値更新,2026-07-08,1270,56.9,100,13.4,0,9.1,1,様子見,様子見,検証回数少なめ,価格検証は良いものの回数が少ないため、まず財務と出来高を確認します,財務、材料、出来高,検証回数少なめ,高値更新型で勢いがある
70.3,70.3,70.3,1812,鹿島建設,プライム（内国株式）,建設業,未発掘の監視候補,良さそう,待ち,高値更新,2026-07-08,5840,44,66.7,7.5,-2.7,57.2,3,様子見,様子見,財務確認前,既存候補外で価格検証に残ったため、監視候補として確認します,財務、材料、出来高,なし,高値更新型で勢いがある
70.2,70.2,70.2,3252,地主,プライム（内国株式）,不動産業,未発掘の監視候補,良さそう,安値反転候補,上昇中押し目,2026-07-08,2910,48.1,75,4.4,-7.4,33,4,様子見,様子見,財務確認前,既存候補外で価格検証に残ったため、監視候補として確認します,財務、材料、出来高,なし,価格検証で候補圏に残った
70,70,70,1871,ピーエス・コンストラクション,プライム（内国株式）,建設業,未発掘の監視候補,良さそう,待ち,高値更新,2026-07-08,2197,44.4,75,7.7,-7.6,24.5,4,様子見,様子見,財務確認前,既存候補外で価格検証に残ったため、監視候補として確認します,財務、材料、出来高,なし,高値更新型で勢いがある
70,70,70,3513,イチカワ,スタンダード（内国株式）,繊維製品,未発掘の監視候補,良さそう,待ち,高値更新,2026-07-08,3625,43.7,75,6.2,-5.8,114,4,様子見,様子見,財務確認前,既存候補外で価格検証に残ったため、監視候補として確認します,財務、材料、出来高,なし,高値更新型で勢いがある
