priority,code,name,source,market,sector,action,signal,strategy,reviewStatus,score,winRate,averageReturn,maxDrawdown,periodReturn,reason,nextCheck,caution
238.5,4378,ＣＩＮＣ,2倍監視,グロース（内国株式）,情報・通信業,優先して財務確認,上昇中押し目,高値更新,,157.1,100,46,0,-17.7,上昇トレンド中の押し目候補です。次は決算成長、出来高、直近高値までの距離を確認します,決算成長、出来高、直近高値,財務・価格・月次判定を反映済み
232,3352,バッファロー,自動買い候補予備軍,スタンダード（内国株式）,小売業,昇格OKを通常候補前確認,今買い候補,財務+価格自動判定,通常候補へ昇格OK,181.20999999999998,100,10,-2.8,0,低PBR 0.6倍 / 低PER 8.01倍 / ネット現金厚め 76.75% / 買いライン圏 0.93倍 / 上昇余地大 199.58%,有報、決算短信、利益継続性、負債、出来高,価格検証サンプル少 2回。財務と現在価格を優先
206.9,3435,サンコーテクノ,自動買い候補予備軍,スタンダード（内国株式）,金属製品,昇格OKを通常候補前確認,今買い候補,財務+価格自動判定,通常候補へ昇格OK,155.42000000000002,100,9,-0.8,0,低PBR 0.57倍 / 低PER 9.04倍 / 買いライン圏 0.9倍 / 上昇余地大 170.09%,有報、決算短信、利益継続性、負債、出来高,価格検証サンプル少 1回。財務と現在価格を優先
179.6,3420,ケー・エフ・シー,自動買い候補予備軍,スタンダード（内国株式）,金属製品,最優先で通常候補前確認,買い場近い,財務+価格自動判定,追加確認,132.29000000000002,100,6.3,-2.9,0,低PBR 0.5倍 / ネット現金厚め 37% / 上昇余地大 205.87%,有報、決算短信、利益継続性、負債、出来高,買いラインを少し上回る 1.03倍 / 価格検証サンプル少 2回。財務と現在価格を優先
177.4,4224,ロンシール工業,自動買い候補予備軍,スタンダード（内国株式）,化学,昇格OKを通常候補前確認,今買い候補,財務+価格自動判定,通常候補へ昇格OK,151.35,0,0,0,0,低PBR 0.46倍 / 低PER 8.72倍 / ネット現金厚め 73.21% / 買いライン圏 0.87倍 / 上昇余地大 229.33%,有報、決算短信、利益継続性、負債、出来高,価格検証サンプル少 0回。財務と現在価格を優先
176.8,2907,あじかん,自動買い候補予備軍,スタンダード（内国株式）,食料品,昇格OKを通常候補前確認,今買い候補,財務+価格自動判定,通常候補へ昇格OK,121.14,100,15.9,-3.3,0,低PBR 0.59倍 / 低PER 9.41倍 / 買いライン圏 0.94倍 / 上昇余地大 158.88%,有報、決算短信、利益継続性、負債、出来高,価格検証サンプル少 1回。財務と現在価格を優先
175.3,8138,三京化成,自動買い候補予備軍,スタンダード（内国株式）,卸売業,昇格OKを通常候補前確認,今買い候補,財務+価格自動判定,通常候補へ昇格OK,149.32999999999998,0,0,0,0,低PBR 0.39倍 / 低PER 9.21倍 / ネット現金厚め 68.33% / 買いライン圏 0.92倍 / 上昇余地大 290.69%,有報、決算短信、利益継続性、負債、出来高,価格検証サンプル少 0回。財務と現在価格を優先
175.2,7208,カネミツ,自動買い候補予備軍,スタンダード（内国株式）,輸送用機器,昇格OKを通常候補前確認,今買い候補,財務+価格自動判定,通常候補へ昇格OK,149.18,0,0,0,0,低PBR 0.5倍 / 低PER 9.14倍 / ネット現金厚め 52.9% / 買いライン圏 0.91倍 / 上昇余地大 207.93%,有報、決算短信、利益継続性、負債、出来高,価格検証サンプル少 0回。財務と現在価格を優先
174.6,2876,デルソーレ,自動買い候補予備軍,スタンダード（内国株式）,食料品,昇格OKを通常候補前確認,今買い候補,財務+価格自動判定,通常候補へ昇格OK,137.81,66.7,1.1,-2.8,0,低PBR 0.64倍 / 低PER 9.93倍 / ネット現金厚め 40.94% / 買いライン圏 1倍 / 上昇余地大 141.72% / 価格検証許容 勝率66.7%/平均1.1%,有報、決算短信、利益継続性、負債、出来高,大きな自動除外理由なし
173.2,2112,塩水港精糖,自動買い候補予備軍,スタンダード（内国株式）,食料品,昇格OKを通常候補前確認,今買い候補,財務+価格自動判定,通常候補へ昇格OK,135.93,50,5.1,-2.9,0,低PBR 0.57倍 / 低PER 6.51倍 / 買いライン圏 0.89倍 / 上昇余地大 268.51%,有報、決算短信、利益継続性、負債、出来高,価格検証サンプル少 2回。財務と現在価格を優先
172.4,4392,ＦＩＧ,2倍監視,プライム（内国株式）,情報・通信業,優先して財務確認,上昇中押し目,安値反転,,112.5,100,27.3,-5.9,284.5,上昇トレンド中の押し目候補です。次は決算成長、出来高、直近高値までの距離を確認します,決算成長、出来高、直近高値,財務・価格・月次判定を反映済み
170.7,9767,日建工学,自動買い候補予備軍,スタンダード（内国株式）,サービス業,昇格OKを通常候補前確認,今買い候補,財務+価格自動判定,通常候補へ昇格OK,144.73000000000002,0,0,0,0,低PBR 0.56倍 / 低PER 7.84倍 / ネット現金厚め 89.42% / 買いライン圏 0.87倍 / 上昇余地大 206.29%,有報、決算短信、利益継続性、負債、出来高,価格検証サンプル少 0回。財務と現在価格を優先
170.3,7986,日本アイ・エス・ケイ,自動買い候補予備軍,スタンダード（内国株式）,その他製品,昇格OKを通常候補前確認,今買い候補,財務+価格自動判定,通常候補へ昇格OK,144.29000000000002,0,0,0,0,低PBR 0.57倍 / 低PER 6.06倍 / ネット現金厚め 52.14% / 買いライン圏 0.9倍 / 上昇余地大 296.3%,有報、決算短信、利益継続性、負債、出来高,価格検証サンプル少 0回。財務と現在価格を優先
169.3,7991,マミヤ・オーピー,自動買い候補予備軍,スタンダード（内国株式）,機械,昇格OKを通常候補前確認,今買い候補,財務+価格自動判定,通常候補へ昇格OK,143.31,0,0,0,0,低PBR 0.4倍 / 低PER 8.74倍 / 買いライン圏 0.87倍 / 上昇余地大 280.15%,有報、決算短信、利益継続性、負債、出来高,価格検証サンプル少 0回。財務と現在価格を優先
169,5956,トーソー,自動買い候補予備軍,スタンダード（内国株式）,金属製品,昇格OKを通常候補前確認,今買い候補,財務+価格自動判定,通常候補へ昇格OK,142.95,0,0,0,0,低PBR 0.31倍 / 低PER 8.82倍 / ネット現金厚め 27.8% / 買いライン圏 0.88倍 / 上昇余地大 388.29%,有報、決算短信、利益継続性、負債、出来高,価格検証サンプル少 0回。財務と現在価格を優先
168.6,9972,アルテック,自動買い候補予備軍,スタンダード（内国株式）,卸売業,昇格OKを通常候補前確認,今買い候補,財務+価格自動判定,通常候補へ昇格OK,142.55,0,0,0,0,低PBR 0.41倍 / 低PER 8.92倍 / 買いライン圏 0.89倍 / 上昇余地大 271.05%,有報、決算短信、利益継続性、負債、出来高,価格検証サンプル少 0回。財務と現在価格を優先
168.4,9876,コックス,自動買い候補予備軍,スタンダード（内国株式）,小売業,昇格OKを通常候補前確認,今買い候補,財務+価格自動判定,通常候補へ昇格OK,142.39,0,0,0,0,低PBR 0.6倍 / 低PER 5.88倍 / ネット現金厚め 92.99% / 買いライン圏 0.94倍 / 上昇余地大 308%,有報、決算短信、利益継続性、負債、出来高,価格検証サンプル少 0回。財務と現在価格を優先
167.5,5997,協立エアテック,自動買い候補予備軍,スタンダード（内国株式）,金属製品,昇格OKを通常候補前確認,今買い候補,財務+価格自動判定,通常候補へ昇格OK,141.54000000000002,0,0,0,0,低PBR 0.42倍 / 低PER 9.16倍 / ネット現金厚め 47.07% / 買いライン圏 0.92倍 / 上昇余地大 260.46%,有報、決算短信、利益継続性、負債、出来高,価格検証サンプル少 0回。財務と現在価格を優先
167.3,3953,大村紙業,自動買い候補予備軍,スタンダード（内国株式）,パルプ・紙,昇格OKを通常候補前確認,今買い候補,財務+価格自動判定,通常候補へ昇格OK,141.34,0,0,0,0,低PBR 0.52倍 / 低PER 9.03倍 / ネット現金厚め 78.85% / 買いライン圏 0.9倍 / 上昇余地大 196.29%,有報、決算短信、利益継続性、負債、出来高,価格検証サンプル少 0回。財務と現在価格を優先
166.7,5408,中山製鋼所,自動買い候補予備軍,プライム（内国株式）,鉄鋼,昇格OKを通常候補前確認,今買い候補,財務+価格自動判定,通常候補へ昇格OK,140.7,0,0,0,0,低PBR 0.3倍 / 低PER 9.36倍 / ネット現金厚め 44.92% / 買いライン圏 0.94倍 / 上昇余地大 409.98%,有報、決算短信、利益継続性、負債、出来高,価格検証サンプル少 0回。財務と現在価格を優先
166.7,8104,クワザワホールディングス,自動買い候補予備軍,スタンダード（内国株式）,卸売業,昇格OKを通常候補前確認,今買い候補,財務+価格自動判定,通常候補へ昇格OK,140.65,0,0,0,0,低PBR 0.56倍 / 低PER 8.36倍 / ネット現金厚め 77.44% / 買いライン圏 0.88倍 / 上昇余地大 187.04%,有報、決算短信、利益継続性、負債、出来高,価格検証サンプル少 0回。財務と現在価格を優先
166.5,7299,フジオーゼックス,自動買い候補予備軍,スタンダード（内国株式）,輸送用機器,昇格OKを通常候補前確認,今買い候補,財務+価格自動判定,通常候補へ昇格OK,140.5,0,0,0,0,低PBR 0.5倍 / 低PER 9.34倍 / ネット現金厚め 38.71% / 買いライン圏 0.93倍 / 上昇余地大 208.51%,有報、決算短信、利益継続性、負債、出来高,価格検証サンプル少 0回。財務と現在価格を優先
165.7,6286,靜甲,自動買い候補予備軍,スタンダード（内国株式）,機械,昇格OKを通常候補前確認,今買い候補,財務+価格自動判定,通常候補へ昇格OK,139.65,0,0,0,0,低PBR 0.53倍 / 低PER 9.18倍 / ネット現金厚め 50.28% / 買いライン圏 0.92倍 / 上昇余地大 190.98%,有報、決算短信、利益継続性、負債、出来高,価格検証サンプル少 0回。財務と現在価格を優先
165.7,6993,大黒屋ホールディングス,2倍監視,スタンダード（内国株式）,小売業,監視しながら財務確認,待ち,高値更新,,112.2,100,30.6,-5,291.3,高値更新型で強い値動きです。飛びつきではなく、出来高を伴う継続上昇かを確認します,出来高、材料、過熱感,財務・価格・月次判定を反映済み
164.2,2666,オートウェーブ,自動買い候補予備軍,スタンダード（内国株式）,小売業,最優先で通常候補前確認,買い場近い,財務+価格自動判定,追加確認,113.21,100,11.1,-3.7,0,低PBR 0.54倍 / 買いライン圏 1.02倍 / 上昇余地大 182.6%,有報、決算短信、利益継続性、負債、出来高,価格検証サンプル少 2回。財務と現在価格を優先
163.4,7256,河西工業,2倍監視,スタンダード（内国株式）,輸送用機器,優先して財務確認,上昇中押し目,上昇中押し目,,106.3,100,24.1,-5.7,328.4,上昇トレンド中の押し目候補です。次は決算成長、出来高、直近高値までの距離を確認します,決算成長、出来高、直近高値,財務・価格・月次判定を反映済み
163.2,7235,東京ラヂエーター製造,自動買い候補予備軍,スタンダード（内国株式）,輸送用機器,昇格OKを通常候補前確認,今買い候補,財務+価格自動判定,通常候補へ昇格OK,137.18,0,0,0,0,低PBR 0.56倍 / 低PER 7.5倍 / ネット現金厚め 39.04% / 買いライン圏 0.88倍 / 上昇余地大 219.97%,有報、決算短信、利益継続性、負債、出来高,価格検証サンプル少 0回。財務と現在価格を優先
163.1,9685,ＫＹＣＯＭホールディングス,自動買い候補予備軍,スタンダード（内国株式）,情報・通信業,昇格OKを通常候補前確認,今買い候補,財務+価格自動判定,通常候補へ昇格OK,137.13,0,0,0,0,低PBR 0.56倍 / 低PER 6.64倍 / 買いライン圏 0.88倍 / 上昇余地大 261.59%,有報、決算短信、利益継続性、負債、出来高,価格検証サンプル少 0回。財務と現在価格を優先
162.9,5965,フジマック,自動買い候補予備軍,スタンダード（内国株式）,金属製品,昇格OKを通常候補前確認,今買い候補,財務+価格自動判定,通常候補へ昇格OK,136.91,0,0,0,0,低PBR 0.57倍 / 低PER 3.58倍 / ネット現金厚め 17.24% / 買いライン圏 0.88倍 / 上昇余地大 570.54%,有報、決算短信、利益継続性、負債、出来高,価格検証サンプル少 0回。財務と現在価格を優先
162.3,9980,ＭＲＫホールディングス,自動買い候補予備軍,スタンダード（内国株式）,小売業,昇格OKを通常候補前確認,今買い候補,財務+価格自動判定,通常候補へ昇格OK,136.34,0,0,0,0,低PBR 0.57倍 / 低PER 6.76倍 / ネット現金厚め 23.05% / 買いライン圏 0.9倍 / 上昇余地大 255.25%,有報、決算短信、利益継続性、負債、出来高,価格検証サンプル少 0回。財務と現在価格を優先
162,9625,セレスポ,自動買い候補予備軍,スタンダード（内国株式）,サービス業,昇格OKを通常候補前確認,今買い候補,財務+価格自動判定,通常候補へ昇格OK,136.01,0,0,0,0,低PBR 0.6倍 / 低PER 8.65倍 / ネット現金厚め 67.15% / 買いライン圏 0.94倍 / 上昇余地大 177.47%,有報、決算短信、利益継続性、負債、出来高,価格検証サンプル少 0回。財務と現在価格を優先
161.2,7955,クリナップ,自動買い候補予備軍,プライム（内国株式）,その他製品,昇格OKを通常候補前確認,今買い候補,財務+価格自動判定,通常候補へ昇格OK,135.20999999999998,0,0,0,0,低PBR 0.51倍 / 低PER 8.71倍 / ネット現金厚め 38.61% / 買いライン圏 0.87倍 / 上昇余地大 199.02%,有報、決算短信、利益継続性、負債、出来高,価格検証サンプル少 0回。財務と現在価格を優先
159.2,6497,ハマイ,自動買い候補予備軍,スタンダード（内国株式）,機械,昇格OKを通常候補前確認,今買い候補,財務+価格自動判定,通常候補へ昇格OK,133.19,0,0,0,0,低PBR 0.51倍 / 低PER 9.12倍 / ネット現金厚め 48.88% / 買いライン圏 0.91倍 / 上昇余地大 197.53%,有報、決算短信、利益継続性、負債、出来高,価格検証サンプル少 0回。財務と現在価格を優先
158.6,5958,三洋工業,自動買い候補予備軍,スタンダード（内国株式）,金属製品,昇格OKを通常候補前確認,今買い候補,財務+価格自動判定,通常候補へ昇格OK,132.61,0,0,0,0,低PBR 0.59倍 / 低PER 9.43倍 / ネット現金厚め 54.17% / 買いライン圏 0.94倍 / 上昇余地大 161.02%,有報、決算短信、利益継続性、負債、出来高,価格検証サンプル少 0回。財務と現在価格を優先
158.3,6307,サンセイ,自動買い候補予備軍,スタンダード（内国株式）,機械,昇格OKを通常候補前確認,今買い候補,財務+価格自動判定,通常候補へ昇格OK,132.3,0,0,0,0,低PBR 0.6倍 / 低PER 8.02倍 / ネット現金厚め 16.96% / 買いライン圏 0.94倍 / 上昇余地大 199.1%,有報、決算短信、利益継続性、負債、出来高,価格検証サンプル少 0回。財務と現在価格を優先
158,4990,昭和化学工業,自動買い候補予備軍,スタンダード（内国株式）,化学,昇格OKを通常候補前確認,今買い候補,財務+価格自動判定,通常候補へ昇格OK,132.04000000000002,0,0,0,0,低PBR 0.56倍 / 低PER 8.44倍 / 買いライン圏 0.88倍 / 上昇余地大 184.46%,有報、決算短信、利益継続性、負債、出来高,価格検証サンプル少 0回。財務と現在価格を優先
158,3934,ベネフィットジャパン,2倍監視,スタンダード（内国株式）,情報・通信業,優先して財務確認,上昇中押し目,安値反転,,101.8,100,19.2,-1.3,30,上昇トレンド中の押し目候補です。次は決算成長、出来高、直近高値までの距離を確認します,決算成長、出来高、直近高値,財務・価格・月次判定を反映済み
156.4,5975,東プレ,自動買い候補予備軍,プライム（内国株式）,金属製品,昇格OKを通常候補前確認,今買い候補,財務+価格自動判定,通常候補へ昇格OK,130.37,0,0,0,0,低PBR 0.55倍 / 低PER 8.91倍 / 買いライン圏 0.89倍 / 上昇余地大 178.86%,有報、決算短信、利益継続性、負債、出来高,価格検証サンプル少 0回。財務と現在価格を優先
156.2,4360,マナック・ケミカル・パートナーズ,自動買い候補予備軍,スタンダード（内国株式）,化学,昇格OKを通常候補前確認,今買い候補,財務+価格自動判定,通常候補へ昇格OK,130.23000000000002,0,0,0,0,低PBR 0.59倍 / 低PER 8.46倍 / ネット現金厚め 48.15% / 買いライン圏 0.92倍 / 上昇余地大 183.68%,有報、決算短信、利益継続性、負債、出来高,価格検証サンプル少 0回。財務と現在価格を優先
154.7,7551,ウェッズ,自動買い候補予備軍,スタンダード（内国株式）,輸送用機器,昇格OKを通常候補前確認,今買い候補,財務+価格自動判定,通常候補へ昇格OK,128.7,0,0,0,0,低PBR 0.6倍 / 低PER 9.98倍 / ネット現金厚め 62% / 買いライン圏 1倍 / 上昇余地大 153.07%,有報、決算短信、利益継続性、負債、出来高,価格検証サンプル少 0回。財務と現在価格を優先
154.6,1873,日本ハウスホールディングス,自動買い候補予備軍,プライム（内国株式）,建設業,昇格OKを通常候補前確認,今買い候補,財務+価格自動判定,通常候補へ昇格OK,124.99,66.7,-1.1,-9.2,0,低PBR 0.53倍 / 低PER 9.04倍 / 買いライン圏 0.9倍 / 上昇余地大 187.61%,有報、決算短信、利益継続性、負債、出来高,過去検証の最大下落が大きい -9.2%
154.3,8291,日産東京販売ホールディングス,自動買い候補予備軍,スタンダード（内国株式）,小売業,昇格OKを通常候補前確認,今買い候補,財務+価格自動判定,通常候補へ昇格OK,128.26999999999998,0,0,0,0,低PBR 0.55倍 / 低PER 9.28倍 / 買いライン圏 0.93倍 / 上昇余地大 176.13%,有報、決算短信、利益継続性、負債、出来高,価格検証サンプル少 0回。財務と現在価格を優先
153.8,9896,ＪＫホールディングス,自動買い候補予備軍,スタンダード（内国株式）,卸売業,昇格OKを通常候補前確認,今買い候補,財務+価格自動判定,通常候補へ昇格OK,127.84,0,0,0,0,低PBR 0.58倍 / 低PER 8.89倍 / ネット現金厚め 44.28% / 買いライン圏 0.91倍 / 上昇余地大 170.11%,有報、決算短信、利益継続性、負債、出来高,価格検証サンプル少 0回。財務と現在価格を優先
153.7,7878,光・彩,2倍監視,スタンダード（内国株式）,その他製品,監視しながら財務確認,待ち,安値反転,,103.9,100,26.5,-5.1,49.6,価格バックテストは良好です。財務、材料、流動性を確認してから候補化します,財務、材料、流動性,財務・価格・月次判定を反映済み
153.6,6696,トラース・オン・プロダクト,2倍監視,グロース（内国株式）,電気機器,監視しながら財務確認,待ち,安値反転,,103.2,100,24.1,-1.6,-54.4,価格バックテストは良好です。財務、材料、流動性を確認してから候補化します,財務、材料、流動性,財務・価格・月次判定を反映済み
153.2,4410,ハリマ化成グループ,2倍監視,プライム（内国株式）,化学,優先して財務確認,上昇中押し目,安値反転,,99.3,100,20.6,-5.8,32.4,上昇トレンド中の押し目候補です。次は決算成長、出来高、直近高値までの距離を確認します,決算成長、出来高、直近高値,財務・価格・月次判定を反映済み
153,6229,オーケーエム,自動買い候補予備軍,スタンダード（内国株式）,機械,昇格OKを通常候補前確認,今買い候補,財務+価格自動判定,通常候補へ昇格OK,126.98,0,0,0,0,低PBR 0.6倍 / 低PER 8.85倍 / ネット現金厚め 42.53% / 買いライン圏 0.94倍 / 上昇余地大 171.3%,有報、決算短信、利益継続性、負債、出来高,価格検証サンプル少 0回。財務と現在価格を優先
151.6,7694,いつも,2倍監視,グロース（内国株式）,小売業,監視しながら財務確認,待ち,安値反転,,102,100,24.3,-2.9,-22.7,価格バックテストは良好です。財務、材料、流動性を確認してから候補化します,財務、材料、流動性,財務・価格・月次判定を反映済み
151.5,9941,太洋物産,2倍監視,スタンダード（内国株式）,卸売業,優先して財務確認,上昇中押し目,上昇中押し目,,97.1,100,16,0,29.2,上昇トレンド中の押し目候補です。次は決算成長、出来高、直近高値までの距離を確認します,決算成長、出来高、直近高値,財務・価格・月次判定を反映済み
151,5410,合同製鐵,自動買い候補予備軍,プライム（内国株式）,鉄鋼,昇格OKを通常候補前確認,今買い候補,財務+価格自動判定,通常候補へ昇格OK,124.98,0,0,0,0,低PBR 0.26倍 / 低PER 8.82倍 / 買いライン圏 0.88倍 / 上昇余地大 480.39%,有報、決算短信、利益継続性、負債、出来高,価格検証サンプル少 0回。財務と現在価格を優先
150.4,1887,日本国土開発,自動買い候補予備軍,プライム（内国株式）,建設業,最優先で通常候補前確認,買い場近い,財務+価格自動判定,追加確認,97.2,100,12.2,-2.2,0,低PBR 0.6倍 / 上昇余地大 156.24%,有報、決算短信、利益継続性、負債、出来高,買いラインを少し上回る 1.03倍 / 価格検証サンプル少 1回。財務と現在価格を優先
150.1,3375,ＺＯＡ,自動買い候補予備軍,スタンダード（内国株式）,小売業,最優先で通常候補前確認,買い場近い,財務+価格自動判定,追加確認,115.89,50,3.8,-5.3,0,低PBR 0.66倍 / 低PER 6.14倍 / 買いライン圏 1.02倍 / 上昇余地大 290.62%,有報、決算短信、利益継続性、負債、出来高,価格検証サンプル少 2回。財務と現在価格を優先
149.2,5660,神鋼鋼線工業,自動買い候補予備軍,スタンダード（内国株式）,鉄鋼,昇格OKを通常候補前確認,今買い候補,財務+価格自動判定,通常候補へ昇格OK,123.18,0,0,0,0,低PBR 0.41倍 / 低PER 9.24倍 / 買いライン圏 0.92倍 / 上昇余地大 275.12%,有報、決算短信、利益継続性、負債、出来高,価格検証サンプル少 0回。財務と現在価格を優先
148,2170,リンクアンドモチベーション,自動買い候補予備軍,プライム（内国株式）,サービス業,最優先で通常候補前確認,買い場近い,財務+価格自動判定,追加確認,96.65,100,12.3,-4.6,0,低PBR 0.67倍 / 上昇余地大 128.54%,有報、決算短信、利益継続性、負債、出来高,買いラインを少し上回る 1.07倍 / 価格検証サンプル少 2回。財務と現在価格を優先
147.5,1662,石油資源開発,自動買い候補予備軍,プライム（内国株式）,鉱業,最優先で通常候補前確認,買い場近い,財務+価格自動判定,追加確認,114.52,50,4,-7,0,低PBR 0.66倍 / 低PER 6.87倍 / 上昇余地大 249.39%,有報、決算短信、利益継続性、負債、出来高,買いラインを少し上回る 1.03倍 / 価格検証サンプル少 2回。財務と現在価格を優先
147.3,3297,東武住販,自動買い候補予備軍,スタンダード（内国株式）,不動産業,最優先で通常候補前確認,買い場近い,財務+価格自動判定,追加確認,103.45,100,4.2,-4.9,0,低PBR 0.64倍 / 低PER 9.59倍 / 買いライン圏 1倍 / 上昇余地大 150.36%,有報、決算短信、利益継続性、負債、出来高,不動産業は財務構造が特殊なため原資料確認を優先 / 価格検証サンプル少 2回。財務と現在価格を優先
146.7,5010,日本精蝋,2倍監視,スタンダード（内国株式）,石油・石炭製品,監視しながら財務確認,待ち,高値更新,,98.2,100,20.6,0,17.5,高値更新型で強い値動きです。飛びつきではなく、出来高を伴う継続上昇かを確認します,出来高、材料、過熱感,財務・価格・月次判定を反映済み
146.4,5989,エイチワン,2倍監視,プライム（内国株式）,金属製品,監視しながら財務確認,待ち,安値反転,,98.3,100,21.8,-1.9,14.6,価格バックテストは良好です。財務、材料、流動性を確認してから候補化します,財務、材料、流動性,財務・価格・月次判定を反映済み
146.1,8230,はせがわ,自動買い候補予備軍,スタンダード（内国株式）,小売業,昇格OKを通常候補前確認,今買い候補,財務+価格自動判定,通常候補へ昇格OK,120.12,0,0,0,0,低PBR 0.44倍 / 低PER 9.97倍 / 買いライン圏 1倍 / 上昇余地大 250.25%,有報、決算短信、利益継続性、負債、出来高,価格検証サンプル少 0回。財務と現在価格を優先
145.5,7490,日新商事,自動買い候補予備軍,スタンダード（内国株式）,卸売業,昇格OKを通常候補前確認,今買い候補,財務+価格自動判定,通常候補へ昇格OK,119.54,0,0,0,0,低PBR 0.56倍 / 低PER 3.98倍 / 買いライン圏 0.87倍 / 上昇余地大 502.59%,有報、決算短信、利益継続性、負債、出来高,価格検証サンプル少 0回。財務と現在価格を優先
145.5,5016,ＪＸ金属,2倍監視,プライム（内国株式）,非鉄金属,優先して財務確認,上昇中押し目,上昇中押し目,,94.7,100,16.1,-4.6,483,上昇トレンド中の押し目候補です。次は決算成長、出来高、直近高値までの距離を確認します,決算成長、出来高、直近高値,財務・価格・月次判定を反映済み
145.3,7244,市光工業,自動買い候補予備軍,プライム（内国株式）,電気機器,昇格OKを通常候補前確認,今買い候補,財務+価格自動判定,通常候補へ昇格OK,119.29,0,0,0,0,低PBR 0.62倍 / 低PER 9.95倍 / ネット現金厚め 24.89% / 買いライン圏 1倍 / 上昇余地大 145.45%,有報、決算短信、利益継続性、負債、出来高,価格検証サンプル少 0回。財務と現在価格を優先
145.1,5906,エムケー精工,自動買い候補予備軍,スタンダード（内国株式）,金属製品,昇格OKを通常候補前確認,今買い候補,財務+価格自動判定,通常候補へ昇格OK,119.06,0,0,0,0,低PBR 0.56倍 / 低PER 7.28倍 / 買いライン圏 0.88倍 / 上昇余地大 229.72%,有報、決算短信、利益継続性、負債、出来高,価格検証サンプル少 0回。財務と現在価格を優先
145,6522,アスタリスク,2倍監視,グロース（内国株式）,電気機器,優先して財務確認,上昇中押し目,上昇中押し目,,94.2,100,15.3,-3.7,144,上昇トレンド中の押し目候補です。次は決算成長、出来高、直近高値までの距離を確認します,決算成長、出来高、直近高値,財務・価格・月次判定を反映済み
144.9,3945,スーパーバッグ,自動買い候補予備軍,スタンダード（内国株式）,パルプ・紙,昇格OKを通常候補前確認,今買い候補,財務+価格自動判定,通常候補へ昇格OK,118.92,0,0,0,0,低PBR 0.57倍 / 低PER 4.41倍 / 買いライン圏 0.88倍 / 上昇余地大 443.78%,有報、決算短信、利益継続性、負債、出来高,価格検証サンプル少 0回。財務と現在価格を優先
144.5,6424,高見沢サイバネティックス,自動買い候補予備軍,スタンダード（内国株式）,機械,昇格OKを通常候補前確認,今買い候補,財務+価格自動判定,通常候補へ昇格OK,118.45,0,0,0,0,低PBR 0.57倍 / 低PER 7.28倍 / 買いライン圏 0.89倍 / 上昇余地大 229.53%,有報、決算短信、利益継続性、負債、出来高,価格検証サンプル少 0回。財務と現在価格を優先
143.4,5406,神戸製鋼所,自動買い候補予備軍,プライム（内国株式）,鉄鋼,昇格OKを通常候補前確認,今買い候補,財務+価格自動判定,通常候補へ昇格OK,117.4,0,0,0,0,低PBR 0.59倍 / 低PER 7.42倍 / 買いライン圏 0.92倍 / 上昇余地大 223.5%,有報、決算短信、利益継続性、負債、出来高,価格検証サンプル少 0回。財務と現在価格を優先
143,3664,ＷＩＺＥ,2倍監視,グロース（内国株式）,情報・通信業,監視しながら財務確認,待ち,安値反転,,96.7,100,23.5,-6.1,-38.2,価格バックテストは良好です。財務、材料、流動性を確認してから候補化します,財務、材料、流動性,財務・価格・月次判定を反映済み
142.4,3134,Ｈａｍｅｅ,自動買い候補予備軍,スタンダード（内国株式）,小売業,昇格OKを通常候補前確認,今買い候補,財務+価格自動判定,通常候補へ昇格OK,116.39,0,0,0,0,低PBR 0.56倍 / 低PER 7.47倍 / 買いライン圏 0.87倍 / 上昇余地大 221.11%,有報、決算短信、利益継続性、負債、出来高,価格検証サンプル少 0回。財務と現在価格を優先
142.3,3086,Ｊ．フロント　リテイリング,広域候補,プライム（内国株式）,小売業,優先して財務確認,上昇中押し目,安値反転,,94,100,22.5,0,59.4,上昇トレンド中の押し目候補,BPS、EPS、現金、有利子負債、発行株数,財務・価格・月次判定を反映済み
141.6,5587,インバウンドプラットフォーム,2倍監視,グロース（内国株式）,情報・通信業,監視しながら財務確認,待ち,安値反転,,94.8,100,19.6,-1.1,-21.7,価格バックテストは良好です。財務、材料、流動性を確認してから候補化します,財務、材料、流動性,財務・価格・月次判定を反映済み
141.2,6326,クボタ,2倍監視,プライム（内国株式）,機械,監視しながら財務確認,待ち,高値更新,,94.4,100,18.9,-0.3,71,高値更新型で強い値動きです。飛びつきではなく、出来高を伴う継続上昇かを確認します,出来高、材料、過熱感,財務・価格・月次判定を反映済み
140.8,9322,川西倉庫,2倍監視,スタンダード（内国株式）,倉庫・運輸関連業,監視しながら財務確認,安値反転候補,高値更新,,98.6,100,15.9,-2.6,97.7,安値圏から反転し始めた候補です。赤字・下方修正・信用需給が重くないか確認します,赤字有無、下方修正、信用需給,財務・価格・月次判定を反映済み
140.5,9888,ＵＥＸ,2倍監視,スタンダード（内国株式）,卸売業,監視しながら財務確認,待ち,安値反転,,94.7,100,21.6,-4.5,18.7,価格バックテストは良好です。財務、材料、流動性を確認してから候補化します,財務、材料、流動性,財務・価格・月次判定を反映済み
140.2,8075,神鋼商事,自動買い候補予備軍,プライム（内国株式）,卸売業,昇格OKを通常候補前確認,今買い候補,財務+価格自動判定,通常候補へ昇格OK,114.16,0,0,0,0,低PBR 0.64倍 / 低PER 7.01倍 / 買いライン圏 1倍 / 上昇余地大 242.33%,有報、決算短信、利益継続性、負債、出来高,価格検証サンプル少 0回。財務と現在価格を優先
140.1,3903,ｇｕｍｉ,自動買い候補予備軍,プライム（内国株式）,情報・通信業,昇格OKを通常候補前確認,今買い候補,財務+価格自動判定,通常候補へ昇格OK,114.14,0,0,0,0,低PBR 0.6倍 / 低PER 8.08倍 / 買いライン圏 0.93倍 / 上昇余地大 196.97%,有報、決算短信、利益継続性、負債、出来高,価格検証サンプル少 0回。財務と現在価格を優先
137.9,9890,マキヤ,自動買い候補予備軍,スタンダード（内国株式）,小売業,昇格OKを通常候補前確認,今買い候補,財務+価格自動判定,通常候補へ昇格OK,111.9,0,0,0,0,低PBR 0.58倍 / 低PER 8.61倍 / 買いライン圏 0.9倍 / 上昇余地大 178.7%,有報、決算短信、利益継続性、負債、出来高,価格検証サンプル少 0回。財務と現在価格を優先
137.7,1810,松井建設,自動買い候補予備軍,スタンダード（内国株式）,建設業,最優先で通常候補前確認,買い場近い,財務+価格自動判定,追加確認,105.55,50,2.5,-6.4,0,低PBR 0.67倍 / 低PER 9.55倍 / ネット現金厚め 43.07% / 上昇余地大 151.19%,有報、決算短信、利益継続性、負債、出来高,買いラインを少し上回る 1.05倍
136.5,6310,井関農機,2倍監視,プライム（内国株式）,機械,監視しながら財務確認,待ち,安値反転,,91.1,100,17.1,0,36.6,価格バックテストは良好です。財務、材料、流動性を確認してから候補化します,財務、材料、流動性,財務・価格・月次判定を反映済み
136.4,5189,櫻護謨,自動買い候補予備軍,スタンダード（内国株式）,ゴム製品,昇格OKを通常候補前確認,今買い候補,財務+価格自動判定,通常候補へ昇格OK,110.44,0,0,0,0,低PBR 0.58倍 / 低PER 8.77倍 / 買いライン圏 0.91倍 / 上昇余地大 173.68%,有報、決算短信、利益継続性、負債、出来高,価格検証サンプル少 0回。財務と現在価格を優先
136,6964,サンコー,自動買い候補予備軍,スタンダード（内国株式）,電気機器,最優先で通常候補前確認,買い場近い,財務+価格自動判定,追加確認,110,0,0,0,0,低PBR 0.35倍 / ネット現金厚め 84.91% / 上昇余地大 331.19%,有報、決算短信、利益継続性、負債、出来高,買いラインを少し上回る 1.03倍 / 価格検証サンプル少 0回。財務と現在価格を優先
136,8119,三栄コーポレーション,自動買い候補予備軍,スタンダード（内国株式）,卸売業,最優先で通常候補前確認,買い場近い,財務+価格自動判定,追加確認,110,0,0,0,0,低PBR 0.49倍 / ネット現金厚め 60.86% / 上昇余地大 213.12%,有報、決算短信、利益継続性、負債、出来高,買いラインを少し上回る 1.03倍 / 価格検証サンプル少 0回。財務と現在価格を優先
136,7297,カーメイト,自動買い候補予備軍,スタンダード（内国株式）,輸送用機器,最優先で通常候補前確認,買い場近い,財務+価格自動判定,追加確認,110,0,0,0,0,低PBR 0.39倍 / ネット現金厚め 130.58% / 上昇余地大 291.63%,有報、決算短信、利益継続性、負債、出来高,買いラインを少し上回る 1.04倍 / 価格検証サンプル少 0回。財務と現在価格を優先
136,4629,大伸化学,自動買い候補予備軍,スタンダード（内国株式）,化学,最優先で通常候補前確認,買い場近い,財務+価格自動判定,追加確認,110,0,0,0,0,低PBR 0.49倍 / ネット現金厚め 101.35% / 上昇余地大 214.19%,有報、決算短信、利益継続性、負債、出来高,買いラインを少し上回る 1.05倍 / 価格検証サンプル少 0回。財務と現在価格を優先
136,4365,松本油脂製薬,自動買い候補予備軍,スタンダード（内国株式）,化学,最優先で通常候補前確認,買い場近い,財務+価格自動判定,追加確認,110,0,0,0,0,低PBR 0.67倍 / 低PER 7.44倍 / ネット現金厚め 55.83% / 上昇余地大 222.74%,有報、決算短信、利益継続性、負債、出来高,買いラインを少し上回る 1.05倍 / 価格検証サンプル少 0回。財務と現在価格を優先
135.2,281A,インフォメティス,2倍監視,グロース（内国株式）,情報・通信業,監視しながら財務確認,待ち,高値更新,,90.3,100,16.6,0,7.3,高値更新型で強い値動きです。飛びつきではなく、出来高を伴う継続上昇かを確認します,出来高、材料、過熱感,財務・価格・月次判定を反映済み
135.1,4651,サニックスホールディングス,2倍監視,スタンダード（内国株式）,サービス業,監視しながら財務確認,待ち,安値反転,,90.5,100,17.6,-1.5,-6.2,価格バックテストは良好です。財務、材料、流動性を確認してから候補化します,財務、材料、流動性,財務・価格・月次判定を反映済み
135,4570,免疫生物研究所,2倍監視,グロース（内国株式）,医薬品,監視しながら財務確認,安値反転候補,高値更新,,97.8,83.3,17.6,-7.1,86.7,安値圏から反転し始めた候補です。赤字・下方修正・信用需給が重くないか確認します,赤字有無、下方修正、信用需給,財務・価格・月次判定を反映済み
135,5232,住友大阪セメント,2倍監視,プライム（内国株式）,ガラス・土石製品,監視しながら財務確認,待ち,安値反転,,91.2,100,20.6,-5.9,61.7,価格バックテストは良好です。財務、材料、流動性を確認してから候補化します,財務、材料、流動性,財務・価格・月次判定を反映済み
134.6,2693,ＹＫＴ,広域候補,スタンダード（内国株式）,卸売業,優先して財務確認,上昇中押し目,安値反転,,88.9,100,20.5,-0.9,57.4,上昇トレンド中の押し目候補,BPS、EPS、現金、有利子負債、発行株数,財務・価格・月次判定を反映済み
134.5,7734,理研計器,2倍監視,プライム（内国株式）,精密機器,監視しながら財務確認,待ち,安値反転,,89.7,100,16.4,0,25.7,価格バックテストは良好です。財務、材料、流動性を確認してから候補化します,財務、材料、流動性,財務・価格・月次判定を反映済み
134.3,4256,サインド,2倍監視,グロース（内国株式）,情報・通信業,監視しながら財務確認,待ち,高値更新,,89.7,100,16.5,-0.3,-9.1,高値更新型で強い値動きです。飛びつきではなく、出来高を伴う継続上昇かを確認します,出来高、材料、過熱感,財務・価格・月次判定を反映済み
134,7417,南陽,自動買い候補予備軍,スタンダード（内国株式）,卸売業,最優先で通常候補前確認,買い場近い,財務+価格自動判定,追加確認,107.99,0,0,0,0,低PBR 0.65倍 / 低PER 8倍 / ネット現金厚め 52.85% / 買いライン圏 1.02倍 / 上昇余地大 199.97%,有報、決算短信、利益継続性、負債、出来高,価格検証サンプル少 0回。財務と現在価格を優先
133.7,5363,東京窯業,2倍監視,スタンダード（内国株式）,ガラス・土石製品,監視しながら財務確認,待ち,安値反転,,89.3,100,16.4,-0.4,19.1,価格バックテストは良好です。財務、材料、流動性を確認してから候補化します,財務、材料、流動性,財務・価格・月次判定を反映済み
133,4351,山田再生系債権回収総合事務所,2倍監視,スタンダード（内国株式）,その他金融業,監視しながら財務確認,待ち,安値反転,,89.6,100,19.2,-4.9,2.9,価格バックテストは良好です。財務、材料、流動性を確認してから候補化します,財務、材料、流動性,財務・価格・月次判定を反映済み
133,7513,コジマ,2倍監視,プライム（内国株式）,小売業,監視しながら財務確認,待ち,安値反転,,89,100,17.2,-1.9,18.2,価格バックテストは良好です。財務、材料、流動性を確認してから候補化します,財務、材料、流動性,財務・価格・月次判定を反映済み
132.1,1515,日鉄鉱業,2倍監視,プライム（内国株式）,鉱業,監視しながら財務確認,待ち,高値更新,,90.5,100,15.8,-3.3,52.7,高値更新型で強い値動きです。飛びつきではなく、出来高を伴う継続上昇かを確認します,出来高、材料、過熱感,財務・価格・月次判定を反映済み
132.1,7069,サイバー・バズ,2倍監視,グロース（内国株式）,サービス業,監視しながら財務確認,待ち,安値反転,,89.1,100,19.5,-5.7,-13.2,価格バックテストは良好です。財務、材料、流動性を確認してから候補化します,財務、材料、流動性,財務・価格・月次判定を反映済み
131.9,6648,かわでん,2倍監視,スタンダード（内国株式）,電気機器,監視しながら財務確認,待ち,高値更新,,89.3,100,16.1,-2.4,101.9,高値更新型で強い値動きです。飛びつきではなく、出来高を伴う継続上昇かを確認します,出来高、材料、過熱感,財務・価格・月次判定を反映済み
131.9,7245,大同メタル工業,2倍監視,プライム（内国株式）,輸送用機器,監視しながら財務確認,待ち,高値更新,,89.2,100,15.7,-1.8,165.5,高値更新型で強い値動きです。飛びつきではなく、出来高を伴う継続上昇かを確認します,出来高、材料、過熱感,財務・価格・月次判定を反映済み
131.8,4679,田谷,2倍監視,スタンダード（内国株式）,サービス業,監視しながら財務確認,待ち,高値更新,,87.9,100,15.4,0,0.8,高値更新型で強い値動きです。飛びつきではなく、出来高を伴う継続上昇かを確認します,出来高、材料、過熱感,財務・価格・月次判定を反映済み
130.7,6859,エスペック,2倍監視,プライム（内国株式）,電気機器,監視しながら財務確認,待ち,安値反転,,87.3,100,16,-1.3,53.2,価格バックテストは良好です。財務、材料、流動性を確認してから候補化します,財務、材料、流動性,財務・価格・月次判定を反映済み
129.4,5458,高砂鐵工,2倍監視,スタンダード（内国株式）,鉄鋼,監視しながら財務確認,待ち,安値反転,,86.6,100,16,-2,36.1,価格バックテストは良好です。財務、材料、流動性を確認してから候補化します,財務、材料、流動性,財務・価格・月次判定を反映済み
129,7004,カナデビア,2倍監視,プライム（内国株式）,機械,監視しながら財務確認,待ち,安値反転,,86.3,100,15.7,-1.8,30.2,価格バックテストは良好です。財務、材料、流動性を確認してから候補化します,財務、材料、流動性,財務・価格・月次判定を反映済み
128.8,7946,光陽社,自動買い候補予備軍,スタンダード（内国株式）,その他製品,最優先で通常候補前確認,買い場近い,財務+価格自動判定,追加確認,102.81,0,0,0,0,低PBR 0.5倍 / ネット現金厚め 64.11% / 買いライン圏 1.02倍 / 上昇余地大 204.04%,有報、決算短信、利益継続性、負債、出来高,価格検証サンプル少 0回。財務と現在価格を優先
128.4,7426,山大,2倍監視,スタンダード（内国株式）,卸売業,監視しながら財務確認,待ち,安値反転,,86.2,100,16.8,-3.7,-45.6,価格バックテストは良好です。財務、材料、流動性を確認してから候補化します,財務、材料、流動性,財務・価格・月次判定を反映済み
128.2,5233,太平洋セメント,2倍監視,プライム（内国株式）,ガラス・土石製品,監視しながら財務確認,待ち,安値反転,,85.8,100,15.6,-2,11.6,価格バックテストは良好です。財務、材料、流動性を確認してから候補化します,財務、材料、流動性,財務・価格・月次判定を反映済み
128,4234,サンエー化研,自動買い候補予備軍,スタンダード（内国株式）,化学,最優先で通常候補前確認,買い場近い,財務+価格自動判定,追加確認,102,0,0,0,0,低PBR 0.3倍 / ネット現金厚め 18.49% / 上昇余地大 411.04%,有報、決算短信、利益継続性、負債、出来高,買いラインを少し上回る 1.03倍 / 価格検証サンプル少 0回。財務と現在価格を優先
128,8040,東京ソワール,自動買い候補予備軍,スタンダード（内国株式）,繊維製品,最優先で通常候補前確認,買い場近い,財務+価格自動判定,追加確認,102,0,0,0,0,低PBR 0.34倍 / ネット現金厚め 41.72% / 上昇余地大 355.1%,有報、決算短信、利益継続性、負債、出来高,買いラインを少し上回る 1.03倍 / 価格検証サンプル少 0回。財務と現在価格を優先
128,9083,神姫バス,自動買い候補予備軍,スタンダード（内国株式）,陸運業,最優先で通常候補前確認,買い場近い,財務+価格自動判定,追加確認,102,0,0,0,0,低PBR 0.42倍 / 上昇余地大 261.22%,有報、決算短信、利益継続性、負債、出来高,陸運業は財務構造が特殊なため原資料確認を優先 / 買いラインを少し上回る 1.03倍 / 価格検証サンプル少 0回。財務と現在価格を優先
128,9845,パーカーコーポレーション,自動買い候補予備軍,スタンダード（内国株式）,化学,最優先で通常候補前確認,買い場近い,財務+価格自動判定,追加確認,102,0,0,0,0,低PBR 0.67倍 / 低PER 7.71倍 / ネット現金厚め 48.16% / 上昇余地大 211.38%,有報、決算短信、利益継続性、負債、出来高,買いラインを少し上回る 1.04倍 / 価格検証サンプル少 0回。財務と現在価格を優先
128,7812,クレステック,自動買い候補予備軍,スタンダード（内国株式）,その他製品,最優先で通常候補前確認,買い場近い,財務+価格自動判定,追加確認,102,0,0,0,0,低PBR 0.67倍 / 低PER 6.23倍 / 上昇余地大 285.28%,有報、決算短信、利益継続性、負債、出来高,買いラインを少し上回る 1.05倍 / 価格検証サンプル少 0回。財務と現在価格を優先
128,5962,浅香工業,自動買い候補予備軍,スタンダード（内国株式）,その他製品,最優先で通常候補前確認,買い場近い,財務+価格自動判定,追加確認,102,0,0,0,0,低PBR 0.39倍 / 上昇余地大 288.8%,有報、決算短信、利益継続性、負債、出来高,買いラインを少し上回る 1.06倍 / 価格検証サンプル少 0回。財務と現在価格を優先
128,9059,カンダホールディングス,自動買い候補予備軍,スタンダード（内国株式）,陸運業,最優先で通常候補前確認,買い場近い,財務+価格自動判定,追加確認,102,0,0,0,0,低PBR 0.68倍 / 低PER 7.45倍 / ネット現金厚め 24.56% / 上昇余地大 222.3%,有報、決算短信、利益継続性、負債、出来高,陸運業は財務構造が特殊なため原資料確認を優先 / 買いラインを少し上回る 1.06倍 / 価格検証サンプル少 0回。財務と現在価格を優先
127.8,155A,情報戦略テクノロジー,2倍監視,グロース（内国株式）,情報・通信業,監視しながら財務確認,待ち,高値更新,,85.4,100,15.2,-1.6,65.4,高値更新型で強い値動きです。飛びつきではなく、出来高を伴う継続上昇かを確認します,出来高、材料、過熱感,財務・価格・月次判定を反映済み
127.4,6999,ＫＯＡ,2倍監視,プライム（内国株式）,電気機器,監視しながら財務確認,待ち,上昇中押し目,,85.2,100,15.1,-1.8,249.5,価格バックテストは良好です。財務、材料、流動性を確認してから候補化します,財務、材料、流動性,財務・価格・月次判定を反映済み
126.3,9104,商船三井,2倍監視,プライム（内国株式）,海運業,監視しながら財務確認,待ち,高値更新,,85.2,100,17.6,-5.9,7.1,高値更新型で強い値動きです。飛びつきではなく、出来高を伴う継続上昇かを確認します,出来高、材料、過熱感,財務・価格・月次判定を反映済み
126.2,543A,ＡＲＣＨＩＯＮ,2倍監視,プライム（内国株式）,輸送用機器,監視しながら財務確認,待ち,上昇中押し目,,84.6,100,15.6,-3,-22.6,価格バックテストは良好です。財務、材料、流動性を確認してから候補化します,財務、材料、流動性,財務・価格・月次判定を反映済み
125.6,5290,ベルテクスコーポレーション,2倍監視,スタンダード（内国株式）,ガラス・土石製品,監視しながら財務確認,待ち,高値更新,,84.1,100,15.3,-2.9,19.2,高値更新型で強い値動きです。飛びつきではなく、出来高を伴う継続上昇かを確認します,出来高、材料、過熱感,財務・価格・月次判定を反映済み
124.6,3093,トレジャー・ファクトリー,2倍監視,プライム（内国株式）,小売業,監視しながら財務確認,待ち,安値反転,,83.8,100,16.5,-5.1,11.3,価格バックテストは良好です。財務、材料、流動性を確認してから候補化します,財務、材料、流動性,財務・価格・月次判定を反映済み
124.5,8066,三谷商事,2倍監視,スタンダード（内国株式）,卸売業,監視しながら財務確認,待ち,安値反転,,83.8,100,16.7,-5.4,15.6,価格バックテストは良好です。財務、材料、流動性を確認してから候補化します,財務、材料、流動性,財務・価格・月次判定を反映済み
124.1,4293,セプテーニ・ホールディングス,2倍監視,スタンダード（内国株式）,サービス業,監視しながら財務確認,待ち,安値反転,,83.6,100,16.6,-5.6,13.2,価格バックテストは良好です。財務、材料、流動性を確認してから候補化します,財務、材料、流動性,財務・価格・月次判定を反映済み
123.6,8093,極東貿易,自動買い候補予備軍,プライム（内国株式）,卸売業,最優先で通常候補前確認,買い場近い,財務+価格自動判定,追加確認,97.55,0,0,0,0,低PBR 0.64倍 / 低PER 8.34倍 / ネット現金厚め 26.49% / 買いライン圏 1倍 / 上昇余地大 187.73%,有報、決算短信、利益継続性、負債、出来高,価格検証サンプル少 0回。財務と現在価格を優先
123.5,1447,ＳＡＡＦホールディングス,2倍監視,グロース（内国株式）,建設業,監視しながら財務確認,待ち,高値更新,,82.8,100,15,-3.5,-3,高値更新型で強い値動きです。飛びつきではなく、出来高を伴う継続上昇かを確認します,出来高、材料、過熱感,財務・価格・月次判定を反映済み
122.5,7614,オーエムツーネットワーク,自動買い候補予備軍,スタンダード（内国株式）,小売業,最優先で通常候補前確認,買い場近い,財務+価格自動判定,追加確認,96.48,0,0,0,0,低PBR 0.56倍 / ネット現金厚め 98.58% / 買いライン圏 1.02倍 / 上昇余地大 172.39%,有報、決算短信、利益継続性、負債、出来高,価格検証サンプル少 0回。財務と現在価格を優先
122.2,6488,ヨシタケ,自動買い候補予備軍,スタンダード（内国株式）,機械,最優先で通常候補前確認,買い場近い,財務+価格自動判定,追加確認,96.17,0,0,0,0,低PBR 0.65倍 / 低PER 8.55倍 / ネット現金厚め 33.15% / 買いライン圏 1.01倍 / 上昇余地大 180.86%,有報、決算短信、利益継続性、負債、出来高,価格検証サンプル少 0回。財務と現在価格を優先
121.4,9761,東海リース,自動買い候補予備軍,スタンダード（内国株式）,サービス業,最優先で通常候補前確認,今買い候補,財務+価格自動判定,追加確認,95.43,0,0,0,0,低PBR 0.44倍 / 低PER 8.71倍 / 買いライン圏 0.87倍 / 上昇余地大 249.5%,有報、決算短信、利益継続性、負債、出来高,ネット有利子負債が重い -180.37% / 価格検証サンプル少 0回。財務と現在価格を優先
121.3,1968,太平電業,2倍監視,プライム（内国株式）,建設業,監視しながら財務確認,待ち,高値更新,,81.5,100,15.1,-4.7,51.8,高値更新型で強い値動きです。飛びつきではなく、出来高を伴う継続上昇かを確認します,出来高、材料、過熱感,財務・価格・月次判定を反映済み
121.2,3454,ファーストブラザーズ,自動買い候補予備軍,スタンダード（内国株式）,不動産業,最優先で通常候補前確認,今買い候補,財務+価格自動判定,追加確認,86.72999999999999,66.7,1.1,-5.7,0,低PBR 0.64倍 / 低PER 6.37倍 / 買いライン圏 1倍 / 上昇余地大 276.78% / 価格検証許容 勝率66.7%/平均1.1%,有報、決算短信、利益継続性、負債、出来高,不動産業は財務構造が特殊なため原資料確認を優先 / ネット有利子負債が重い -296.28%
118.9,9351,東洋埠頭,自動買い候補予備軍,スタンダード（内国株式）,倉庫・運輸関連業,最優先で通常候補前確認,今買い候補,財務+価格自動判定,追加確認,92.86,0,0,0,0,低PBR 0.43倍 / 低PER 9.32倍 / 買いライン圏 0.93倍 / 上昇余地大 259.29%,有報、決算短信、利益継続性、負債、出来高,ネット有利子負債が重い -96.41% / 価格検証サンプル少 0回。財務と現在価格を優先
118.2,3237,イントランス,広域候補,グロース（内国株式）,不動産業,優先して財務確認,上昇中押し目,高値更新,,77.4,100,14.2,0,40,上昇トレンド中の押し目候補,BPS、EPS、現金、有利子負債、発行株数,財務・価格・月次判定を反映済み
118,5237,ノザワ,自動買い候補予備軍,スタンダード（内国株式）,ガラス・土石製品,最優先で通常候補前確認,買い場近い,財務+価格自動判定,追加確認,91.95,0,0,0,0,低PBR 0.66倍 / 低PER 9.24倍 / ネット現金厚め 39.7% / 上昇余地大 159.76%,有報、決算短信、利益継続性、負債、出来高,買いラインを少し上回る 1.03倍 / 価格検証サンプル少 0回。財務と現在価格を優先
117.9,2730,エディオン,広域候補,プライム（内国株式）,小売業,優先して財務確認,上昇中押し目,安値反転,,77.4,100,14.9,-1.1,8.2,上昇トレンド中の押し目候補,BPS、EPS、現金、有利子負債、発行株数,財務・価格・月次判定を反映済み
117.7,6137,小池酸素工業,自動買い候補予備軍,スタンダード（内国株式）,機械,最優先で通常候補前確認,買い場近い,財務+価格自動判定,追加確認,91.68,0,0,0,0,低PBR 0.67倍 / 低PER 9.29倍 / ネット現金厚め 31.02% / 上昇余地大 158.39%,有報、決算短信、利益継続性、負債、出来高,買いラインを少し上回る 1.05倍 / 価格検証サンプル少 0回。財務と現在価格を優先
116.9,8383,鳥取銀行,自動買い候補予備軍,スタンダード（内国株式）,銀行業,最優先で通常候補前確認,今買い候補,財務+価格自動判定,追加確認,90.87,0,0,0,0,低PBR 0.29倍 / 低PER 9.08倍 / ネット現金厚め 488.97% / 買いライン圏 0.91倍 / 上昇余地大 435.31%,有報、決算短信、利益継続性、負債、出来高,銀行業は財務構造が特殊なため原資料確認を優先 / 価格検証サンプル少 0回。財務と現在価格を優先
116.9,194A,ＷＯＬＶＥＳ　ＨＡＮＤ,広域候補,グロース（内国株式）,サービス業,監視しながら財務確認,待ち,高値更新,,80.9,100,20,0,129.7,高値更新型の候補,BPS、EPS、現金、有利子負債、発行株数,財務・価格・月次判定を反映済み
116.7,6430,ダイコク電機,自動買い候補予備軍,プライム（内国株式）,機械,最優先で通常候補前確認,買い場近い,財務+価格自動判定,追加確認,90.69,0,0,0,0,低PBR 0.63倍 / ネット現金厚め 59.56% / 買いライン圏 1.01倍 / 上昇余地大 143.44%,有報、決算短信、利益継続性、負債、出来高,価格検証サンプル少 0回。財務と現在価格を優先
116.2,2481,タウンニュース社,自動買い候補予備軍,スタンダード（内国株式）,サービス業,最優先で通常候補前確認,買い場近い,財務+価格自動判定,追加確認,87.8,50,-1.7,-6.4,0,低PBR 0.66倍 / ネット現金厚め 36.22% / 上昇余地大 134.4%,有報、決算短信、利益継続性、負債、出来高,買いラインを少し上回る 1.03倍 / 価格検証サンプル少 2回。財務と現在価格を優先
115.6,5819,カナレ電気,自動買い候補予備軍,スタンダード（内国株式）,非鉄金属,最優先で通常候補前確認,買い場近い,財務+価格自動判定,追加確認,89.63,0,0,0,0,低PBR 0.64倍 / ネット現金厚め 62.15% / 上昇余地大 138.16%,有報、決算短信、利益継続性、負債、出来高,買いラインを少し上回る 1.04倍 / 価格検証サンプル少 0回。財務と現在価格を優先
115.5,8091,ニチモウ,自動買い候補予備軍,プライム（内国株式）,卸売業,最優先で通常候補前確認,今買い候補,財務+価格自動判定,追加確認,89.52,0,0,0,0,低PBR 0.56倍 / 低PER 7.32倍 / 買いライン圏 0.87倍 / 上昇余地大 227.77%,有報、決算短信、利益継続性、負債、出来高,ネット有利子負債が重い -151.36% / 価格検証サンプル少 0回。財務と現在価格を優先
113.5,6382,トリニティ工業,自動買い候補予備軍,スタンダード（内国株式）,機械,最優先で通常候補前確認,買い場近い,財務+価格自動判定,追加確認,87.45,0,0,0,0,低PBR 0.57倍 / ネット現金厚め 49.53% / 買いライン圏 1.02倍 / 上昇余地大 167.24%,有報、決算短信、利益継続性、負債、出来高,価格検証サンプル少 0回。財務と現在価格を優先
113,1711,ＳＤＳホールディングス,広域候補,スタンダード（内国株式）,建設業,監視しながら財務確認,待ち,安値反転,,78.7,100,20.2,-2.3,1.7,価格バックテスト上位候補,BPS、EPS、現金、有利子負債、発行株数,財務・価格・月次判定を反映済み
112.7,7980,重松製作所,自動買い候補予備軍,スタンダード（内国株式）,その他製品,最優先で通常候補前確認,今買い候補,財務+価格自動判定,追加確認,86.72999999999999,0,0,0,0,低PBR 0.6倍 / 低PER 7.74倍 / 買いライン圏 0.93倍 / 上昇余地大 210.28%,有報、決算短信、利益継続性、負債、出来高,ネット有利子負債が重い -107.87% / 価格検証サンプル少 0回。財務と現在価格を優先
112.5,9997,ベルーナ,自動買い候補予備軍,プライム（内国株式）,小売業,最優先で通常候補前確認,今買い候補,財務+価格自動判定,追加確認,86.52000000000001,0,0,0,0,低PBR 0.6倍 / 低PER 7.59倍 / 買いライン圏 0.94倍 / 上昇余地大 216.34%,有報、決算短信、利益継続性、負債、出来高,ネット有利子負債が重い -119.93% / 価格検証サンプル少 0回。財務と現在価格を優先
112.4,254A,ＡＩフュージョンキャピタルグループ,自動買い候補予備軍,スタンダード（内国株式）,証券、商品先物取引業,最優先で通常候補前確認,買い場近い,財務+価格自動判定,追加確認,54.42,100,18.1,-2.9,0,低PBR 0.63倍 / 買いライン圏 1.02倍 / 上昇余地大 140.98%,有報、決算短信、利益継続性、負債、出来高,価格検証サンプル少 1回。財務と現在価格を優先
112.4,6217,津田駒工業,2倍監視,スタンダード（内国株式）,機械,監視しながら財務確認,待ち,高値更新,,79.8,83.3,15.7,-10.7,189,高値更新型で強い値動きです。飛びつきではなく、出来高を伴う継続上昇かを確認します,出来高、材料、過熱感,財務・価格・月次判定を反映済み
112.3,9994,やまや,自動買い候補予備軍,スタンダード（内国株式）,小売業,最優先で通常候補前確認,買い場近い,財務+価格自動判定,追加確認,86.28999999999999,0,0,0,0,低PBR 0.59倍 / ネット現金厚め 31.03% / 上昇余地大 161.45%,有報、決算短信、利益継続性、負債、出来高,買いラインを少し上回る 1.04倍 / 価格検証サンプル少 0回。財務と現在価格を優先
112.2,1376,カネコ種苗,自動買い候補予備軍,スタンダード（内国株式）,水産・農林業,最優先で通常候補前確認,買い場近い,財務+価格自動判定,追加確認,86.83,50,-3.3,-8.3,0,低PBR 0.62倍 / 上昇余地大 145.38%,有報、決算短信、利益継続性、負債、出来高,過去検証の最大下落が大きい -8.3% / 買いラインを少し上回る 1.06倍 / 価格検証サンプル少 2回。財務と現在価格を優先
111.9,8006,ユアサ・フナショク,自動買い候補予備軍,スタンダード（内国株式）,卸売業,最優先で通常候補前確認,買い場近い,財務+価格自動判定,追加確認,85.94,0,0,0,0,低PBR 0.59倍 / ネット現金厚め 44.29% / 買いライン圏 1.02倍 / 上昇余地大 159.72%,有報、決算短信、利益継続性、負債、出来高,価格検証サンプル少 0回。財務と現在価格を優先
110.7,4960,ケミプロ化成,2倍監視,スタンダード（内国株式）,化学,監視しながら財務確認,待ち,高値更新,,77.7,75,18.9,-11.9,114.7,高値更新型で強い値動きです。飛びつきではなく、出来高を伴う継続上昇かを確認します,出来高、材料、過熱感,財務・価格・月次判定を反映済み
