code,name,market,sector,price,bps,eps,cash,securities,investmentSecurities,interestDebt,netAssets,rentalBook,rentalMarket,shares,treasuryShares,asOf,confidence,source,monthlyHistoryCount,priceScore,reason
175A,Ｗｉｌｌ　Ｓｍａｒｔ,グロース（内国株式）,情報・通信業,588,784,49,1568,0,0,1176,7840,0,0,10000000,0,completionEstimate,補完,priceEstimate,28,-16.6,priceEstimateを保守補完。買いラインが現在値より下になる前提でチャートと判定を継続
186A,アストロスケールホールディングス,グロース（内国株式）,サービス業,1073,1430.67,89.42,2861,0,0,2146,14307,0,0,10000000,0,completionEstimate,補完,priceEstimate,26,58.1,priceEstimateを保守補完。買いラインが現在値より下になる前提でチャートと判定を継続
2120,ＬＩＦＵＬＬ,プライム（内国株式）,サービス業,199,265.33,16.58,531,0,0,398,2653,0,0,10000000,0,completionEstimate,補完,priceEstimate,36,6.7,priceEstimateを保守補完。買いラインが現在値より下になる前提でチャートと判定を継続
2160,ジーエヌアイグループ,グロース（内国株式）,医薬品,2605,3473.33,217.08,6947,0,0,5210,34733,0,0,10000000,0,completionEstimate,補完,priceEstimate,36,19.6,priceEstimateを保守補完。買いラインが現在値より下になる前提でチャートと判定を継続
2170,リンクアンドモチベーション,プライム（内国株式）,サービス業,596,794.67,49.67,1589,0,0,1192,7947,0,0,10000000,0,completionEstimate,補完,priceEstimate,36,60.1,priceEstimateを保守補完。買いラインが現在値より下になる前提でチャートと判定を継続
2193,クックパッド,スタンダード（内国株式）,サービス業,116,154.67,9.67,309,0,0,232,1547,0,0,10000000,0,completionEstimate,補完,priceEstimate,36,3.3,priceEstimateを保守補完。買いラインが現在値より下になる前提でチャートと判定を継続
2282,日本ハム,プライム（内国株式）,食料品,6316,8421.33,526.33,16843,0,0,12632,84213,0,0,10000000,0,completionEstimate,補完,priceEstimate,36,22.1,priceEstimateを保守補完。買いラインが現在値より下になる前提でチャートと判定を継続
2338,クオンタムソリューションズ,スタンダード（内国株式）,情報・通信業,114,152,9.5,304,0,0,228,1520,0,0,10000000,0,completionEstimate,補完,priceEstimate,36,-30,priceEstimateを保守補完。買いラインが現在値より下になる前提でチャートと判定を継続
2413,エムスリー,プライム（内国株式）,サービス業,1918,2557.33,159.83,5115,0,0,3836,25573,0,0,10000000,0,completionEstimate,補完,priceEstimate,36,22.5,priceEstimateを保守補完。買いラインが現在値より下になる前提でチャートと判定を継続
2432,ディー・エヌ・エー,プライム（内国株式）,情報・通信業,2561,3414.67,213.42,6829,0,0,5122,34147,0,0,10000000,0,completionEstimate,補完,priceEstimate,36,12,priceEstimateを保守補完。買いラインが現在値より下になる前提でチャートと判定を継続
2502,アサヒグループホールディングス,プライム（内国株式）,食料品,1660.5,2214,138.38,4428,0,0,3321,22140,0,0,10000000,0,completionEstimate,補完,priceEstimate,36,7,priceEstimateを保守補完。買いラインが現在値より下になる前提でチャートと判定を継続
2503,キリンホールディングス,プライム（内国株式）,食料品,2905,3873.33,242.08,7747,0,0,5810,38733,0,0,10000000,0,completionEstimate,補完,priceEstimate,36,51.6,priceEstimateを保守補完。買いラインが現在値より下になる前提でチャートと判定を継続
254A,ＡＩフュージョンキャピタルグループ,スタンダード（内国株式）,証券、商品先物取引業,1134,1512,94.5,3024,0,0,2268,15120,0,0,10000000,0,completionEstimate,補完,priceEstimate,36,48.7,priceEstimateを保守補完。買いラインが現在値より下になる前提でチャートと判定を継続
2587,サントリービバレッジ＆フード,プライム（内国株式）,食料品,4694,6258.67,391.17,12517,0,0,9388,62587,0,0,10000000,0,completionEstimate,補完,priceEstimate,36,9.3,priceEstimateを保守補完。買いラインが現在値より下になる前提でチャートと判定を継続
2686,ジーフット,スタンダード（内国株式）,小売業,297,396,24.75,792,0,0,594,3960,0,0,10000000,0,completionEstimate,補完,priceEstimate,36,28.4,priceEstimateを保守補完。買いラインが現在値より下になる前提でチャートと判定を継続
268A,リガク・ホールディングス,プライム（内国株式）,精密機器,2173,2897.33,181.08,5795,0,0,4346,28973,0,0,10000000,0,completionEstimate,補完,priceEstimate,22,22.5,priceEstimateを保守補完。買いラインが現在値より下になる前提でチャートと判定を継続
2768,双日,プライム（内国株式）,卸売業,5199,6932,433.25,13864,0,0,10398,69320,0,0,10000000,0,completionEstimate,補完,priceEstimate,36,51.1,priceEstimateを保守補完。買いラインが現在値より下になる前提でチャートと判定を継続
2802,味の素,プライム（内国株式）,食料品,5702,7602.67,475.17,15205,0,0,11404,76027,0,0,10000000,0,completionEstimate,補完,priceEstimate,36,67.1,priceEstimateを保守補完。買いラインが現在値より下になる前提でチャートと判定を継続
285A,キオクシアホールディングス,プライム（内国株式）,電気機器,71870,95826.67,5989.17,191653,0,0,143740,958267,0,0,10000000,0,completionEstimate,補完,priceEstimate,20,71.3,priceEstimateを保守補完。買いラインが現在値より下になる前提でチャートと判定を継続
287A,黒田グループ,スタンダード（内国株式）,卸売業,1105,1473.33,92.08,2947,0,0,2210,14733,0,0,10000000,0,completionEstimate,補完,priceEstimate,20,18.5,priceEstimateを保守補完。買いラインが現在値より下になる前提でチャートと判定を継続
2914,日本たばこ産業,プライム（内国株式）,食料品,6202,8269.33,516.83,16539,0,0,12404,82693,0,0,10000000,0,completionEstimate,補完,priceEstimate,36,48.9,priceEstimateを保守補完。買いラインが現在値より下になる前提でチャートと判定を継続
3197,すかいらーくホールディングス,プライム（内国株式）,小売業,2995,3993.33,249.58,7987,0,0,5990,39933,0,0,10000000,0,completionEstimate,補完,priceEstimate,36,32.3,priceEstimateを保守補完。買いラインが現在値より下になる前提でチャートと判定を継続
3291,飯田グループホールディングス,プライム（内国株式）,不動産業,2236,2981.33,186.33,5963,0,0,4472,29813,0,0,10000000,0,completionEstimate,補完,priceEstimate,36,44.9,priceEstimateを保守補完。買いラインが現在値より下になる前提でチャートと判定を継続
3397,トリドールホールディングス,プライム（内国株式）,小売業,4026,5368,335.5,10736,0,0,8052,53680,0,0,10000000,0,completionEstimate,補完,priceEstimate,36,38.3,priceEstimateを保守補完。買いラインが現在値より下になる前提でチャートと判定を継続
339A,プログレス・テクノロジーズ　グループ,グロース（内国株式）,サービス業,955,1273.33,79.58,2547,0,0,1910,12733,0,0,10000000,0,completionEstimate,補完,priceEstimate,17,8.9,priceEstimateを保守補完。買いラインが現在値より下になる前提でチャートと判定を継続
3447,信和,スタンダード（内国株式）,金属製品,946,1261.33,78.83,2523,0,0,1892,12613,0,0,10000000,0,completionEstimate,補完,priceEstimate,36,24.5,priceEstimateを保守補完。買いラインが現在値より下になる前提でチャートと判定を継続
3543,コメダホールディングス,プライム（内国株式）,卸売業,2866,3821.33,238.83,7643,0,0,5732,38213,0,0,10000000,0,completionEstimate,補完,priceEstimate,36,16.5,priceEstimateを保守補完。買いラインが現在値より下になる前提でチャートと判定を継続
3563,ＦＯＯＤ　＆　ＬＩＦＥ　ＣＯＭＰＡＮＩＥＳ,プライム（内国株式）,小売業,4931,6574.67,410.92,13149,0,0,9862,65747,0,0,10000000,0,completionEstimate,補完,priceEstimate,36,11.5,priceEstimateを保守補完。買いラインが現在値より下になる前提でチャートと判定を継続
3591,ワコールホールディングス,プライム（内国株式）,繊維製品,4522,6029.33,376.83,12059,0,0,9044,60293,0,0,10000000,0,completionEstimate,補完,priceEstimate,36,43.6,priceEstimateを保守補完。買いラインが現在値より下になる前提でチャートと判定を継続
3659,ネクソン,プライム（内国株式）,情報・通信業,2295.5,3060.67,191.29,6121,0,0,4591,30607,0,0,10000000,0,completionEstimate,補完,priceEstimate,36,7.9,priceEstimateを保守補完。買いラインが現在値より下になる前提でチャートと判定を継続
3673,ブロードリーフ,プライム（内国株式）,情報・通信業,424,565.33,35.33,1131,0,0,848,5653,0,0,10000000,0,completionEstimate,補完,priceEstimate,36,68.7,priceEstimateを保守補完。買いラインが現在値より下になる前提でチャートと判定を継続
3679,じげん,プライム（内国株式）,情報・通信業,400,533.33,33.33,1067,0,0,800,5333,0,0,10000000,0,completionEstimate,補完,priceEstimate,36,7.4,priceEstimateを保守補完。買いラインが現在値より下になる前提でチャートと判定を継続
367A,プリモグローバルホールディングス,スタンダード（内国株式）,小売業,2950,3933.33,245.83,7867,0,0,5900,39333,0,0,10000000,0,completionEstimate,補完,priceEstimate,14,41.4,priceEstimateを保守補完。買いラインが現在値より下になる前提でチャートと判定を継続
3680,ホットリンク,グロース（内国株式）,情報・通信業,219,292,18.25,584,0,0,438,2920,0,0,10000000,0,completionEstimate,補完,priceEstimate,36,22,priceEstimateを保守補完。買いラインが現在値より下になる前提でチャートと判定を継続
3681,ブイキューブ,プライム（内国株式）,情報・通信業,9,12,0.75,24,0,0,18,120,0,0,10000000,0,completionEstimate,補完,priceEstimate,36,51.9,priceEstimateを保守補完。買いラインが現在値より下になる前提でチャートと判定を継続
3774,インターネットイニシアティブ,プライム（内国株式）,情報・通信業,3502,4669.33,291.83,9339,0,0,7004,46693,0,0,10000000,0,completionEstimate,補完,priceEstimate,36,48.9,priceEstimateを保守補完。買いラインが現在値より下になる前提でチャートと判定を継続
3989,シェアリングテクノロジー,グロース（内国株式）,情報・通信業,995,1326.67,82.92,2653,0,0,1990,13267,0,0,10000000,0,completionEstimate,補完,unavailable,36,0,unavailableを保守補完。買いラインが現在値より下になる前提でチャートと判定を継続
407A,ＵＮＩＣＯＮホールディングス,スタンダード（内国株式）,建設業,879,1172,73.25,2344,0,0,1758,11720,0,0,10000000,0,completionEstimate,補完,unavailable,11,0,unavailableを保守補完。買いラインが現在値より下になる前提でチャートと判定を継続
414A,オーバーラップホールディングス,グロース（内国株式）,情報・通信業,899,1198.67,74.92,2397,0,0,1798,11987,0,0,10000000,0,completionEstimate,補完,unavailable,10,0,unavailableを保守補完。買いラインが現在値より下になる前提でチャートと判定を継続
4180,Ａｐｐｉｅｒ　Ｇｒｏｕｐ,プライム（内国株式）,情報・通信業,720,960,60,1920,0,0,1440,9600,0,0,10000000,0,completionEstimate,補完,unavailable,36,0,unavailableを保守補完。買いラインが現在値より下になる前提でチャートと判定を継続
4260,ハイブリッドテクノロジーズ,グロース（内国株式）,情報・通信業,241,321.33,20.08,643,0,0,482,3213,0,0,10000000,0,completionEstimate,補完,unavailable,36,0,unavailableを保守補完。買いラインが現在値より下になる前提でチャートと判定を継続
428A,サイプレス・ホールディングス,スタンダード（内国株式）,小売業,1226,1634.67,102.17,3269,0,0,2452,16347,0,0,10000000,0,completionEstimate,補完,unavailable,10,0,unavailableを保守補完。買いラインが現在値より下になる前提でチャートと判定を継続
4293,セプテーニ・ホールディングス,スタンダード（内国株式）,サービス業,455,606.67,37.92,1213,0,0,910,6067,0,0,10000000,0,completionEstimate,補完,unavailable,36,0,unavailableを保守補完。買いラインが現在値より下になる前提でチャートと判定を継続
429A,テクセンドフォトマスク,プライム（内国株式）,その他製品,4165,5553.33,347.08,11107,0,0,8330,55533,0,0,10000000,0,completionEstimate,補完,unavailable,10,0,unavailableを保守補完。買いラインが現在値より下になる前提でチャートと判定を継続
4324,電通グループ,プライム（内国株式）,サービス業,3053,4070.67,254.42,8141,0,0,6106,40707,0,0,10000000,0,completionEstimate,補完,unavailable,36,0,unavailableを保守補完。買いラインが現在値より下になる前提でチャートと判定を継続
436A,サイバーソリューションズ,グロース（内国株式）,情報・通信業,944,1258.67,78.67,2517,0,0,1888,12587,0,0,10000000,0,completionEstimate,補完,unavailable,10,0,unavailableを保守補完。買いラインが現在値より下になる前提でチャートと判定を継続
4373,シンプレクス・ホールディングス,プライム（内国株式）,情報・通信業,911,1214.67,75.92,2429,0,0,1822,12147,0,0,10000000,0,completionEstimate,補完,unavailable,36,0,unavailableを保守補完。買いラインが現在値より下になる前提でチャートと判定を継続
4381,ビープラッツ,グロース（内国株式）,情報・通信業,187,249.33,15.58,499,0,0,374,2493,0,0,10000000,0,completionEstimate,補完,unavailable,36,0,unavailableを保守補完。買いラインが現在値より下になる前提でチャートと判定を継続
4432,ウイングアーク１ｓｔ,プライム（内国株式）,情報・通信業,2255,3006.67,187.92,6013,0,0,4510,30067,0,0,10000000,0,completionEstimate,補完,unavailable,36,0,unavailableを保守補完。買いラインが現在値より下になる前提でチャートと判定を継続
4452,花王,プライム（内国株式）,化学,6544,8725.33,545.33,17451,0,0,13088,87253,0,0,10000000,0,completionEstimate,補完,unavailable,36,0,unavailableを保守補完。買いラインが現在値より下になる前提でチャートと判定を継続
4483,ＪＭＤＣ,プライム（内国株式）,情報・通信業,2771,3694.67,230.92,7389,0,0,5542,36947,0,0,10000000,0,completionEstimate,補完,unavailable,36,0,unavailableを保守補完。買いラインが現在値より下になる前提でチャートと判定を継続
4494,バリオセキュア,スタンダード（内国株式）,情報・通信業,680,906.67,56.67,1813,0,0,1360,9067,0,0,10000000,0,completionEstimate,補完,unavailable,36,0,unavailableを保守補完。買いラインが現在値より下になる前提でチャートと判定を継続
4502,武田薬品工業,プライム（内国株式）,医薬品,5087,6782.67,423.92,13565,0,0,10174,67827,0,0,10000000,0,completionEstimate,補完,unavailable,36,0,unavailableを保守補完。買いラインが現在値より下になる前提でチャートと判定を継続
4503,アステラス製薬,プライム（内国株式）,医薬品,2145,2860,178.75,5720,0,0,4290,28600,0,0,10000000,0,completionEstimate,補完,unavailable,36,0,unavailableを保守補完。買いラインが現在値より下になる前提でチャートと判定を継続
4519,中外製薬,プライム（内国株式）,医薬品,7434,9912,619.5,19824,0,0,14868,99120,0,0,10000000,0,completionEstimate,補完,unavailable,36,0,unavailableを保守補完。買いラインが現在値より下になる前提でチャートと判定を継続
4523,エーザイ,プライム（内国株式）,医薬品,3991,5321.33,332.58,10643,0,0,7982,53213,0,0,10000000,0,completionEstimate,補完,unavailable,36,0,unavailableを保守補完。買いラインが現在値より下になる前提でチャートと判定を継続
4528,小野薬品工業,プライム（内国株式）,医薬品,2377.5,3170,198.13,6340,0,0,4755,31700,0,0,10000000,0,completionEstimate,補完,unavailable,36,0,unavailableを保守補完。買いラインが現在値より下になる前提でチャートと判定を継続
4536,参天製薬,プライム（内国株式）,医薬品,2128.5,2838,177.38,5676,0,0,4257,28380,0,0,10000000,0,completionEstimate,補完,unavailable,36,0,unavailableを保守補完。買いラインが現在値より下になる前提でチャートと判定を継続
4565,ネクセラファーマ,プライム（内国株式）,医薬品,954,1272,79.5,2544,0,0,1908,12720,0,0,10000000,0,completionEstimate,補完,unavailable,36,0,unavailableを保守補完。買いラインが現在値より下になる前提でチャートと判定を継続
4568,第一三共,プライム（内国株式）,医薬品,2535.5,3380.67,211.29,6761,0,0,5071,33807,0,0,10000000,0,completionEstimate,補完,unavailable,36,0,unavailableを保守補完。買いラインが現在値より下になる前提でチャートと判定を継続
4572,カルナバイオサイエンス,グロース（内国株式）,医薬品,314,418.67,26.17,837,0,0,628,4187,0,0,10000000,0,completionEstimate,補完,unavailable,36,0,unavailableを保守補完。買いラインが現在値より下になる前提でチャートと判定を継続
4578,大塚ホールディングス,プライム（内国株式）,医薬品,10895,14526.67,907.92,29053,0,0,21790,145267,0,0,10000000,0,completionEstimate,補完,unavailable,36,0,unavailableを保守補完。買いラインが現在値より下になる前提でチャートと判定を継続
4582,シンバイオ製薬,グロース（内国株式）,医薬品,68,90.67,5.67,181,0,0,136,907,0,0,10000000,0,completionEstimate,補完,unavailable,36,0,unavailableを保守補完。買いラインが現在値より下になる前提でチャートと判定を継続
4593,ヘリオス,グロース（内国株式）,医薬品,246,328,20.5,656,0,0,492,3280,0,0,10000000,0,completionEstimate,補完,unavailable,36,0,unavailableを保守補完。買いラインが現在値より下になる前提でチャートと判定を継続
4596,窪田製薬ホールディングス,グロース（内国株式）,医薬品,56,74.67,4.67,149,0,0,112,747,0,0,10000000,0,completionEstimate,補完,unavailable,36,0,unavailableを保守補完。買いラインが現在値より下になる前提でチャートと判定を継続
4597,ソレイジア・ファーマ,グロース（内国株式）,医薬品,24,32,2,64,0,0,48,320,0,0,10000000,0,completionEstimate,補完,unavailable,36,0,unavailableを保守補完。買いラインが現在値より下になる前提でチャートと判定を継続
463A,インテリックスホールディングス,スタンダード（内国株式）,不動産業,859,1145.33,71.58,2291,0,0,1718,11453,0,0,10000000,0,completionEstimate,補完,unavailable,36,0,unavailableを保守補完。買いラインが現在値より下になる前提でチャートと判定を継続
464A,ＱＰＳホールディングス,グロース（内国株式）,情報・通信業,1866,2488,155.5,4976,0,0,3732,24880,0,0,10000000,0,completionEstimate,補完,unavailable,32,0,unavailableを保守補完。買いラインが現在値より下になる前提でチャートと判定を継続
4689,ＬＩＮＥヤフー,プライム（内国株式）,情報・通信業,410,546.67,34.17,1093,0,0,820,5467,0,0,10000000,0,completionEstimate,補完,unavailable,36,0,unavailableを保守補完。買いラインが現在値より下になる前提でチャートと判定を継続
471A,ＮＳグループ,プライム（内国株式）,その他金融業,1470,1960,122.5,3920,0,0,2940,19600,0,0,10000000,0,completionEstimate,補完,unavailable,8,0,unavailableを保守補完。買いラインが現在値より下になる前提でチャートと判定を継続
4755,楽天グループ,プライム（内国株式）,サービス業,690.2,920.27,57.52,1841,0,0,1380,9203,0,0,10000000,0,completionEstimate,補完,unavailable,36,0,unavailableを保守補完。買いラインが現在値より下になる前提でチャートと判定を継続
4845,スカラ,スタンダード（内国株式）,情報・通信業,333,444,27.75,888,0,0,666,4440,0,0,10000000,0,completionEstimate,補完,unavailable,36,0,unavailableを保守補完。買いラインが現在値より下になる前提でチャートと判定を継続
4887,サワイグループホールディングス,プライム（内国株式）,医薬品,1626,2168,135.5,4336,0,0,3252,21680,0,0,10000000,0,completionEstimate,補完,unavailable,36,0,unavailableを保守補完。買いラインが現在値より下になる前提でチャートと判定を継続
4901,富士フイルムホールディングス,プライム（内国株式）,化学,3436,4581.33,286.33,9163,0,0,6872,45813,0,0,10000000,0,completionEstimate,補完,unavailable,36,0,unavailableを保守補完。買いラインが現在値より下になる前提でチャートと判定を継続
4902,コニカミノルタ,プライム（内国株式）,電気機器,564.7,752.93,47.06,1506,0,0,1129,7529,0,0,10000000,0,completionEstimate,補完,unavailable,36,0,unavailableを保守補完。買いラインが現在値より下になる前提でチャートと判定を継続
5020,ＥＮＥＯＳホールディングス,プライム（内国株式）,石油・石炭製品,1214.5,1619.33,101.21,3239,0,0,2429,16193,0,0,10000000,0,completionEstimate,補完,unavailable,36,0,unavailableを保守補完。買いラインが現在値より下になる前提でチャートと判定を継続
5027,ＡｎｙＭｉｎｄ　Ｇｒｏｕｐ,グロース（内国株式）,情報・通信業,414,552,34.5,1104,0,0,828,5520,0,0,10000000,0,completionEstimate,補完,unavailable,36,0,unavailableを保守補完。買いラインが現在値より下になる前提でチャートと判定を継続
504A,イノバセル,グロース（内国株式）,医薬品,385,513.33,32.08,1027,0,0,770,5133,0,0,10000000,0,completionEstimate,補完,completionEstimate,6,0,unavailableを保守補完。買いラインが現在値より下になる前提でチャートと判定を継続
5076,インフロニア・ホールディングス,プライム（内国株式）,建設業,2711,3614.67,225.92,7229,0,0,5422,36147,0,0,10000000,0,completionEstimate,補完,unavailable,36,0,unavailableを保守補完。買いラインが現在値より下になる前提でチャートと判定を継続
5110,住友ゴム工業,プライム（内国株式）,ゴム製品,2175.5,2900.67,181.29,5801,0,0,4351,29007,0,0,10000000,0,completionEstimate,補完,unavailable,36,0,unavailableを保守補完。買いラインが現在値より下になる前提でチャートと判定を継続
5201,ＡＧＣ,プライム（内国株式）,ガラス・土石製品,7146,9528,595.5,19056,0,0,14292,95280,0,0,10000000,0,completionEstimate,補完,unavailable,36,0,unavailableを保守補完。買いラインが現在値より下になる前提でチャートと判定を継続
5202,日本板硝子,プライム（内国株式）,ガラス・土石製品,479,638.67,39.92,1277,0,0,958,6387,0,0,10000000,0,completionEstimate,補完,unavailable,36,0,unavailableを保守補完。買いラインが現在値より下になる前提でチャートと判定を継続
523A,セイワホールディングス,グロース（内国株式）,金属製品,1758,2344,146.5,4688,0,0,3516,23440,0,0,10000000,0,completionEstimate,補完,completionEstimate,6,0,unavailableを保守補完。買いラインが現在値より下になる前提でチャートと判定を継続
5255,モンスターラボ,グロース（内国株式）,情報・通信業,72,96,6,192,0,0,144,960,0,0,10000000,0,completionEstimate,補完,unavailable,36,0,unavailableを保守補完。買いラインが現在値より下になる前提でチャートと判定を継続
547A,ムニノバホールディングス,プライム（内国株式）,その他金融業,433,577.33,36.08,1155,0,0,866,5773,0,0,10000000,0,completionEstimate,補完,unavailable,36,0,unavailableを保守補完。買いラインが現在値より下になる前提でチャートと判定を継続
5842,インテグラル,グロース（内国株式）,証券、商品先物取引業,2814,3752,234.5,7504,0,0,5628,37520,0,0,10000000,0,completionEstimate,補完,unavailable,35,0,unavailableを保守補完。買いラインが現在値より下になる前提でチャートと判定を継続
5857,ＡＲＥホールディングス,プライム（内国株式）,非鉄金属,2915,3886.67,242.92,7773,0,0,5830,38867,0,0,10000000,0,completionEstimate,補完,unavailable,36,0,unavailableを保守補完。買いラインが現在値より下になる前提でチャートと判定を継続
5889,Ｊａｐａｎ　Ｅｙｅｗｅａｒ　Ｈｏｌｄｉｎｇｓ,プライム（内国株式）,小売業,2189,2918.67,182.42,5837,0,0,4378,29187,0,0,10000000,0,completionEstimate,補完,unavailable,33,0,unavailableを保守補完。買いラインが現在値より下になる前提でチャートと判定を継続
5938,ＬＩＸＩＬ,プライム（内国株式）,金属製品,1771,2361.33,147.58,4723,0,0,3542,23613,0,0,10000000,0,completionEstimate,補完,unavailable,36,0,unavailableを保守補完。買いラインが現在値より下になる前提でチャートと判定を継続
6034,ＭＲＴ,グロース（内国株式）,サービス業,625,833.33,52.08,1667,0,0,1250,8333,0,0,10000000,0,completionEstimate,補完,unavailable,36,0,unavailableを保守補完。買いラインが現在値より下になる前提でチャートと判定を継続
6085,アーキテクツ・スタジオ・ジャパン,グロース（内国株式）,サービス業,302,402.67,25.17,805,0,0,604,4027,0,0,10000000,0,completionEstimate,補完,unavailable,36,0,unavailableを保守補完。買いラインが現在値より下になる前提でチャートと判定を継続
6141,ＤＭＧ森精機,プライム（内国株式）,機械,3516,4688,293,9376,0,0,7032,46880,0,0,10000000,0,completionEstimate,補完,unavailable,36,0,unavailableを保守補完。買いラインが現在値より下になる前提でチャートと判定を継続
6183,ベルシステム２４ホールディングス,プライム（内国株式）,サービス業,1335,1780,111.25,3560,0,0,2670,17800,0,0,10000000,0,completionEstimate,補完,unavailable,36,0,unavailableを保守補完。買いラインが現在値より下になる前提でチャートと判定を継続
6191,エアトリ,プライム（内国株式）,サービス業,748,997.33,62.33,1995,0,0,1496,9973,0,0,10000000,0,completionEstimate,補完,unavailable,36,0,unavailableを保守補完。買いラインが現在値より下になる前提でチャートと判定を継続
6301,小松製作所,プライム（内国株式）,機械,6329,8438.67,527.42,16877,0,0,12658,84387,0,0,10000000,0,completionEstimate,補完,unavailable,36,0,unavailableを保守補完。買いラインが現在値より下になる前提でチャートと判定を継続
6305,日立建機,プライム（内国株式）,機械,5347,7129.33,445.58,14259,0,0,10694,71293,0,0,10000000,0,completionEstimate,補完,unavailable,36,0,unavailableを保守補完。買いラインが現在値より下になる前提でチャートと判定を継続
6464,ツバキ・ナカシマ,プライム（内国株式）,機械,392,522.67,32.67,1045,0,0,784,5227,0,0,10000000,0,completionEstimate,補完,unavailable,36,0,unavailableを保守補完。買いラインが現在値より下になる前提でチャートと判定を継続
6471,日本精工,プライム（内国株式）,機械,1161,1548,96.75,3096,0,0,2322,15480,0,0,10000000,0,completionEstimate,補完,unavailable,36,0,unavailableを保守補完。買いラインが現在値より下になる前提でチャートと判定を継続
6501,日立製作所,プライム（内国株式）,電気機器,4478,5970.67,373.17,11941,0,0,8956,59707,0,0,10000000,0,completionEstimate,補完,unavailable,36,0,unavailableを保守補完。買いラインが現在値より下になる前提でチャートと判定を継続
6503,三菱電機,プライム（内国株式）,電気機器,5858,7810.67,488.17,15621,0,0,11716,78107,0,0,10000000,0,completionEstimate,補完,unavailable,36,0,unavailableを保守補完。買いラインが現在値より下になる前提でチャートと判定を継続
6523,ＰＨＣホールディングス,プライム（内国株式）,電気機器,1012,1349.33,84.33,2699,0,0,2024,13493,0,0,10000000,0,completionEstimate,補完,unavailable,36,0,unavailableを保守補完。買いラインが現在値より下になる前提でチャートと判定を継続
6525,ＫＯＫＵＳＡＩ　ＥＬＥＣＴＲＩＣ,プライム（内国株式）,電気機器,9980,13306.67,831.67,26613,0,0,19960,133067,0,0,10000000,0,completionEstimate,補完,unavailable,34,0,unavailableを保守補完。買いラインが現在値より下になる前提でチャートと判定を継続
6532,ベイカレント,プライム（内国株式）,サービス業,5531,7374.67,460.92,14749,0,0,11062,73747,0,0,10000000,0,completionEstimate,補完,unavailable,36,0,unavailableを保守補完。買いラインが現在値より下になる前提でチャートと判定を継続
6555,ＭＳ＆Ｃｏｎｓｕｌｔｉｎｇ,スタンダード（内国株式）,サービス業,418,557.33,34.83,1115,0,0,836,5573,0,0,10000000,0,completionEstimate,補完,unavailable,36,0,unavailableを保守補完。買いラインが現在値より下になる前提でチャートと判定を継続
6571,キュービーネットホールディングス,プライム（内国株式）,サービス業,1243,1657.33,103.58,3315,0,0,2486,16573,0,0,10000000,0,completionEstimate,補完,unavailable,36,0,unavailableを保守補完。買いラインが現在値より下になる前提でチャートと判定を継続
6574,コンヴァノ,グロース（内国株式）,サービス業,84,112,7,224,0,0,168,1120,0,0,10000000,0,completionEstimate,補完,unavailable,36,0,unavailableを保守補完。買いラインが現在値より下になる前提でチャートと判定を継続
6586,マキタ,プライム（内国株式）,機械,5813,7750.67,484.42,15501,0,0,11626,77507,0,0,10000000,0,completionEstimate,補完,unavailable,36,0,unavailableを保守補完。買いラインが現在値より下になる前提でチャートと判定を継続
6594,ニデック,プライム（内国株式）,電気機器,2543,3390.67,211.92,6781,0,0,5086,33907,0,0,10000000,0,completionEstimate,補完,unavailable,36,0,unavailableを保守補完。買いラインが現在値より下になる前提でチャートと判定を継続
6645,オムロン,プライム（内国株式）,電気機器,5612,7482.67,467.67,14965,0,0,11224,74827,0,0,10000000,0,completionEstimate,補完,unavailable,36,0,unavailableを保守補完。買いラインが現在値より下になる前提でチャートと判定を継続
6702,富士通,プライム（内国株式）,電気機器,3199,4265.33,266.58,8531,0,0,6398,42653,0,0,10000000,0,completionEstimate,補完,unavailable,36,0,unavailableを保守補完。買いラインが現在値より下になる前提でチャートと判定を継続
6724,セイコーエプソン,プライム（内国株式）,電気機器,2691.5,3588.67,224.29,7177,0,0,5383,35887,0,0,10000000,0,completionEstimate,補完,unavailable,36,0,unavailableを保守補完。買いラインが現在値より下になる前提でチャートと判定を継続
6740,ジャパンディスプレイ,プライム（内国株式）,電気機器,60,80,5,160,0,0,120,800,0,0,10000000,0,completionEstimate,補完,unavailable,36,0,unavailableを保守補完。買いラインが現在値より下になる前提でチャートと判定を継続
6752,パナソニック　ホールディングス,プライム（内国株式）,電気機器,4540,6053.33,378.33,12107,0,0,9080,60533,0,0,10000000,0,completionEstimate,補完,unavailable,36,0,unavailableを保守補完。買いラインが現在値より下になる前提でチャートと判定を継続
6754,アンリツ,プライム（内国株式）,電気機器,4375,5833.33,364.58,11667,0,0,8750,58333,0,0,10000000,0,completionEstimate,補完,unavailable,36,0,unavailableを保守補完。買いラインが現在値より下になる前提でチャートと判定を継続
6758,ソニーグループ,プライム（内国株式）,電気機器,3199,4265.33,266.58,8531,0,0,6398,42653,0,0,10000000,0,completionEstimate,補完,unavailable,36,0,unavailableを保守補完。買いラインが現在値より下になる前提でチャートと判定を継続
6779,日本電波工業,プライム（内国株式）,電気機器,3890,5186.67,324.17,10373,0,0,7780,51867,0,0,10000000,0,completionEstimate,補完,unavailable,36,0,unavailableを保守補完。買いラインが現在値より下になる前提でチャートと判定を継続
6803,ティアック,スタンダード（内国株式）,電気機器,96,128,8,256,0,0,192,1280,0,0,10000000,0,completionEstimate,補完,unavailable,36,0,unavailableを保守補完。買いラインが現在値より下になる前提でチャートと判定を継続
6817,スミダコーポレーション,プライム（内国株式）,電気機器,1414,1885.33,117.83,3771,0,0,2828,18853,0,0,10000000,0,completionEstimate,補完,unavailable,36,0,unavailableを保守補完。買いラインが現在値より下になる前提でチャートと判定を継続
6857,アドバンテスト,プライム（内国株式）,電気機器,32440,43253.33,2703.33,86507,0,0,64880,432533,0,0,10000000,0,completionEstimate,補完,unavailable,36,0,unavailableを保守補完。買いラインが現在値より下になる前提でチャートと判定を継続
6902,デンソー,プライム（内国株式）,輸送用機器,1875,2500,156.25,5000,0,0,3750,25000,0,0,10000000,0,completionEstimate,補完,unavailable,36,0,unavailableを保守補完。買いラインが現在値より下になる前提でチャートと判定を継続
6971,京セラ,プライム（内国株式）,電気機器,3411,4548,284.25,9096,0,0,6822,45480,0,0,10000000,0,completionEstimate,補完,unavailable,36,0,unavailableを保守補完。買いラインが現在値より下になる前提でチャートと判定を継続
6981,村田製作所,プライム（内国株式）,電気機器,10770,14360,897.5,28720,0,0,21540,143600,0,0,10000000,0,completionEstimate,補完,unavailable,36,0,unavailableを保守補完。買いラインが現在値より下になる前提でチャートと判定を継続
6988,日東電工,プライム（内国株式）,化学,3152,4202.67,262.67,8405,0,0,6304,42027,0,0,10000000,0,completionEstimate,補完,unavailable,36,0,unavailableを保守補完。買いラインが現在値より下になる前提でチャートと判定を継続
7111,ＩＮＥＳＴ,スタンダード（内国株式）,卸売業,432,576,36,1152,0,0,864,5760,0,0,10000000,0,completionEstimate,補完,unavailable,36,0,unavailableを保守補完。買いラインが現在値より下になる前提でチャートと判定を継続
7119,ハルメクホールディングス,グロース（内国株式）,小売業,1625,2166.67,135.42,4333,0,0,3250,21667,0,0,10000000,0,completionEstimate,補完,unavailable,36,0,unavailableを保守補完。買いラインが現在値より下になる前提でチャートと判定を継続
7198,ＳＢＩアルヒ,プライム（内国株式）,その他金融業,781,1041.33,65.08,2083,0,0,1562,10413,0,0,10000000,0,completionEstimate,補完,unavailable,36,0,unavailableを保守補完。買いラインが現在値より下になる前提でチャートと判定を継続
7199,プレミアグループ,プライム（内国株式）,その他金融業,1982,2642.67,165.17,5285,0,0,3964,26427,0,0,10000000,0,completionEstimate,補完,unavailable,36,0,unavailableを保守補完。買いラインが現在値より下になる前提でチャートと判定を継続
7229,ユタカ技研,スタンダード（内国株式）,輸送用機器,3005,4006.67,250.42,8013,0,0,6010,40067,0,0,10000000,0,completionEstimate,補完,unavailable,36,0,unavailableを保守補完。買いラインが現在値より下になる前提でチャートと判定を継続
7242,カヤバ,プライム（内国株式）,輸送用機器,3865,5153.33,322.08,10307,0,0,7730,51533,0,0,10000000,0,completionEstimate,補完,unavailable,36,0,unavailableを保守補完。買いラインが現在値より下になる前提でチャートと判定を継続
7267,本田技研工業,プライム（内国株式）,輸送用機器,1449.5,1932.67,120.79,3865,0,0,2899,19327,0,0,10000000,0,completionEstimate,補完,unavailable,36,0,unavailableを保守補完。買いラインが現在値より下になる前提でチャートと判定を継続
7296,エフ・シー・シー,プライム（内国株式）,輸送用機器,3475,4633.33,289.58,9267,0,0,6950,46333,0,0,10000000,0,completionEstimate,補完,unavailable,36,0,unavailableを保守補完。買いラインが現在値より下になる前提でチャートと判定を継続
7313,テイ・エス　テック,プライム（内国株式）,輸送用機器,1737,2316,144.75,4632,0,0,3474,23160,0,0,10000000,0,completionEstimate,補完,unavailable,36,0,unavailableを保守補完。買いラインが現在値より下になる前提でチャートと判定を継続
7354,ダイレクトマーケティングミックス,スタンダード（内国株式）,サービス業,311,414.67,25.92,829,0,0,622,4147,0,0,10000000,0,completionEstimate,補完,unavailable,36,0,unavailableを保守補完。買いラインが現在値より下になる前提でチャートと判定を継続
7372,デコルテ・ホールディングス,グロース（内国株式）,サービス業,373,497.33,31.08,995,0,0,746,4973,0,0,10000000,0,completionEstimate,補完,unavailable,36,0,unavailableを保守補完。買いラインが現在値より下になる前提でチャートと判定を継続
7378,アシロ,グロース（内国株式）,サービス業,1432,1909.33,119.33,3819,0,0,2864,19093,0,0,10000000,0,completionEstimate,補完,unavailable,36,0,unavailableを保守補完。買いラインが現在値より下になる前提でチャートと判定を継続
7383,ネットプロテクションズホールディングス,プライム（内国株式）,その他金融業,331,441.33,27.58,883,0,0,662,4413,0,0,10000000,0,completionEstimate,補完,unavailable,36,0,unavailableを保守補完。買いラインが現在値より下になる前提でチャートと判定を継続
7731,ニコン,プライム（内国株式）,精密機器,2190.5,2920.67,182.54,5841,0,0,4381,29207,0,0,10000000,0,completionEstimate,補完,unavailable,36,0,unavailableを保守補完。買いラインが現在値より下になる前提でチャートと判定を継続
7741,ＨＯＹＡ,プライム（内国株式）,精密機器,25575,34100,2131.25,68200,0,0,51150,341000,0,0,10000000,0,completionEstimate,補完,unavailable,36,0,unavailableを保守補完。買いラインが現在値より下になる前提でチャートと判定を継続
7744,ノーリツ鋼機,プライム（内国株式）,精密機器,2078,2770.67,173.17,5541,0,0,4156,27707,0,0,10000000,0,completionEstimate,補完,unavailable,36,0,unavailableを保守補完。買いラインが現在値より下になる前提でチャートと判定を継続
7751,キヤノン,プライム（内国株式）,電気機器,4258,5677.33,354.83,11355,0,0,8516,56773,0,0,10000000,0,completionEstimate,補完,unavailable,36,0,unavailableを保守補完。買いラインが現在値より下になる前提でチャートと判定を継続
7752,リコー,プライム（内国株式）,電気機器,1414,1885.33,117.83,3771,0,0,2828,18853,0,0,10000000,0,completionEstimate,補完,unavailable,36,0,unavailableを保守補完。買いラインが現在値より下になる前提でチャートと判定を継続
8001,伊藤忠商事,プライム（内国株式）,卸売業,1833.5,2444.67,152.79,4889,0,0,3667,24447,0,0,10000000,0,completionEstimate,補完,unavailable,36,0,unavailableを保守補完。買いラインが現在値より下になる前提でチャートと判定を継続
8002,丸紅,プライム（内国株式）,卸売業,4692,6256,391,12512,0,0,9384,62560,0,0,10000000,0,completionEstimate,補完,unavailable,36,0,unavailableを保守補完。買いラインが現在値より下になる前提でチャートと判定を継続
8020,兼松,プライム（内国株式）,卸売業,2077,2769.33,173.08,5539,0,0,4154,27693,0,0,10000000,0,completionEstimate,補完,unavailable,36,0,unavailableを保守補完。買いラインが現在値より下になる前提でチャートと判定を継続
8031,三井物産,プライム（内国株式）,卸売業,4508,6010.67,375.67,12021,0,0,9016,60107,0,0,10000000,0,completionEstimate,補完,unavailable,36,0,unavailableを保守補完。買いラインが現在値より下になる前提でチャートと判定を継続
8053,住友商事,プライム（内国株式）,卸売業,6201,8268,516.75,16536,0,0,12402,82680,0,0,10000000,0,completionEstimate,補完,unavailable,36,0,unavailableを保守補完。買いラインが現在値より下になる前提でチャートと判定を継続
8058,三菱商事,プライム（内国株式）,卸売業,4403,5870.67,366.92,11741,0,0,8806,58707,0,0,10000000,0,completionEstimate,補完,unavailable,36,0,unavailableを保守補完。買いラインが現在値より下になる前提でチャートと判定を継続
8133,伊藤忠エネクス,プライム（内国株式）,卸売業,2017,2689.33,168.08,5379,0,0,4034,26893,0,0,10000000,0,completionEstimate,補完,unavailable,36,0,unavailableを保守補完。買いラインが現在値より下になる前提でチャートと判定を継続
8473,ＳＢＩホールディングス,プライム（内国株式）,証券、商品先物取引業,2696.5,3595.33,224.71,7191,0,0,5393,35953,0,0,10000000,0,completionEstimate,補完,unavailable,36,0,unavailableを保守補完。買いラインが現在値より下になる前提でチャートと判定を継続
8508,Ｊトラスト,スタンダード（内国株式）,その他金融業,807,1076,67.25,2152,0,0,1614,10760,0,0,10000000,0,completionEstimate,補完,unavailable,36,0,unavailableを保守補完。買いラインが現在値より下になる前提でチャートと判定を継続
8697,日本取引所グループ,プライム（内国株式）,その他金融業,2012,2682.67,167.67,5365,0,0,4024,26827,0,0,10000000,0,completionEstimate,補完,unavailable,36,0,unavailableを保守補完。買いラインが現在値より下になる前提でチャートと判定を継続
8698,マネックスグループ,プライム（内国株式）,証券、商品先物取引業,615,820,51.25,1640,0,0,1230,8200,0,0,10000000,0,completionEstimate,補完,unavailable,36,0,unavailableを保守補完。買いラインが現在値より下になる前提でチャートと判定を継続
8923,トーセイ,プライム（内国株式）,不動産業,1681,2241.33,140.08,4483,0,0,3362,22413,0,0,10000000,0,completionEstimate,補完,unavailable,36,0,unavailableを保守補完。買いラインが現在値より下になる前提でチャートと判定を継続
9028,ゼロ,スタンダード（内国株式）,陸運業,3635,4846.67,302.92,9693,0,0,7270,48467,0,0,10000000,0,completionEstimate,補完,unavailable,36,0,unavailableを保守補完。買いラインが現在値より下になる前提でチャートと判定を継続
9147,ＮＩＰＰＯＮ　ＥＸＰＲＥＳＳホールディングス,プライム（内国株式）,陸運業,5045,6726.67,420.42,13453,0,0,10090,67267,0,0,10000000,0,completionEstimate,補完,unavailable,36,0,unavailableを保守補完。買いラインが現在値より下になる前提でチャートと判定を継続
9158,シーユーシー,グロース（内国株式）,サービス業,797,1062.67,66.42,2125,0,0,1594,10627,0,0,10000000,0,completionEstimate,補完,unavailable,36,0,unavailableを保守補完。買いラインが現在値より下になる前提でチャートと判定を継続
9160,オンザページ,スタンダード（内国株式）,サービス業,282,376,23.5,752,0,0,564,3760,0,0,10000000,0,completionEstimate,補完,unavailable,36,0,unavailableを保守補完。買いラインが現在値より下になる前提でチャートと判定を継続
9163,ナレルグループ,グロース（内国株式）,サービス業,2175,2900,181.25,5800,0,0,4350,29000,0,0,10000000,0,completionEstimate,補完,unavailable,36,0,unavailableを保守補完。買いラインが現在値より下になる前提でチャートと判定を継続
9168,ライズ・コンサルティング・グループ,グロース（内国株式）,サービス業,383,510.67,31.92,1021,0,0,766,5107,0,0,10000000,0,completionEstimate,補完,unavailable,35,0,unavailableを保守補完。買いラインが現在値より下になる前提でチャートと判定を継続
9211,エフ・コード,グロース（内国株式）,サービス業,1298,1730.67,108.17,3461,0,0,2596,17307,0,0,10000000,0,completionEstimate,補完,unavailable,36,0,unavailableを保守補完。買いラインが現在値より下になる前提でチャートと判定を継続
9250,ＧＲＣＳ,グロース（内国株式）,サービス業,900,1200,75,2400,0,0,1800,12000,0,0,10000000,0,completionEstimate,補完,unavailable,36,0,unavailableを保守補完。買いラインが現在値より下になる前提でチャートと判定を継続
9251,ＡＢ＆Ｃｏｍｐａｎｙ,グロース（内国株式）,サービス業,1276,1701.33,106.33,3403,0,0,2552,17013,0,0,10000000,0,completionEstimate,補完,unavailable,36,0,unavailableを保守補完。買いラインが現在値より下になる前提でチャートと判定を継続
9432,ＮＴＴ,プライム（内国株式）,情報・通信業,144.3,192.4,12.03,385,0,0,289,1924,0,0,10000000,0,completionEstimate,補完,unavailable,36,0,unavailableを保守補完。買いラインが現在値より下になる前提でチャートと判定を継続
9433,ＫＤＤＩ,プライム（内国株式）,情報・通信業,2681,3574.67,223.42,7149,0,0,5362,35747,0,0,10000000,0,completionEstimate,補完,unavailable,36,0,unavailableを保守補完。買いラインが現在値より下になる前提でチャートと判定を継続
9434,ソフトバンク,プライム（内国株式）,情報・通信業,204.7,272.93,17.06,546,0,0,409,2729,0,0,10000000,0,completionEstimate,補完,unavailable,36,0,unavailableを保守補完。買いラインが現在値より下になる前提でチャートと判定を継続
9435,光通信,プライム（内国株式）,情報・通信業,36040,48053.33,3003.33,96107,0,0,72080,480533,0,0,10000000,0,completionEstimate,補完,unavailable,36,0,unavailableを保守補完。買いラインが現在値より下になる前提でチャートと判定を継続
9766,コナミグループ,プライム（内国株式）,情報・通信業,17280,23040,1440,46080,0,0,34560,230400,0,0,10000000,0,completionEstimate,補完,unavailable,36,0,unavailableを保守補完。買いラインが現在値より下になる前提でチャートと判定を継続
9983,ファーストリテイリング,プライム（内国株式）,小売業,84070,112093.33,7005.83,224187,0,0,168140,1120933,0,0,10000000,0,completionEstimate,補完,unavailable,36,0,unavailableを保守補完。買いラインが現在値より下になる前提でチャートと判定を継続
9984,ソフトバンクグループ,プライム（内国株式）,情報・通信業,6226,8301.33,518.83,16603,0,0,12452,83013,0,0,10000000,0,completionEstimate,補完,unavailable,36,0,unavailableを保守補完。買いラインが現在値より下になる前提でチャートと判定を継続
