code,name,sector,reviewStatus,score,price,buyLine,targetPrice,buyRatio,upside,pbr,per,netCashRatio,winRate,averageReturn,maxDrawdown,signal,metricSource,reasons,cautions,nextAction
8338,筑波銀行,銀行業,追加確認,138.35,627,813,1965.18,0.77,213.43,0.49,7.71,312.22,100,13.6,-2.5,今買い候補,irbank:2026/03,低PBR 0.49倍 / 低PER 7.71倍 / ネット現金厚め 312.22% / 買いライン以下 0.77倍 / 上昇余地大 213.43% / 価格検証良好 勝率100%/平均13.6%,銀行業は財務構造が特殊なため原資料確認を優先,自動ランキングには反映。原資料チェックで信頼度を上げる
7261,マツダ,輸送用機器,通常候補へ昇格OK,147.55,1099,1426.8,4622.07,0.77,320.57,0.36,7.7,65.6,100,13.3,-0.2,今買い候補,irbank:2026/03,低PBR 0.36倍 / 低PER 7.7倍 / ネット現金厚め 65.6% / 買いライン以下 0.77倍 / 上昇余地大 320.57% / 価格検証良好 勝率100%/平均13.3%,大きな自動除外理由なし,自動ランキングへ反映済み。通常候補追加プレビューへも反映
6497,ハマイ,機械,通常候補へ昇格OK,133.48,1334,1462.3,3969.02,0.91,197.53,0.51,9.12,48.88,100,10.6,-4.5,今買い候補,irbank:2026/03,低PBR 0.51倍 / 低PER 9.12倍 / ネット現金厚め 48.88% / 上昇余地大 197.53% / 価格検証良好 勝率100%/平均10.6%,大きな自動除外理由なし,自動ランキングへ反映済み。通常候補追加プレビューへも反映
7266,今仙電機製作所,輸送用機器,通常候補へ昇格OK,140.75,903,1082.8,4015.45,0.83,344.68,0.34,8.34,64.79,100,12.1,-3.5,今買い候補,irbank:2026/03,低PBR 0.34倍 / 低PER 8.34倍 / ネット現金厚め 64.79% / 買いライン以下 0.83倍 / 上昇余地大 344.68% / 価格検証良好 勝率100%/平均12.1%,大きな自動除外理由なし,自動ランキングへ反映済み。通常候補追加プレビューへも反映
7446,東北化学薬品,卸売業,追加確認,134.92,4625,4773,14334.92,0.97,209.94,0.49,9.69,14.14,100,17.8,-1.3,今買い候補,irbank:2026/03,低PBR 0.49倍 / 低PER 9.69倍 / 上昇余地大 209.94% / 価格検証良好 勝率100%/平均17.8%,買いラインへの余裕が小さい 0.97倍,自動ランキングには反映。原資料チェックで信頼度を上げる
8152,ソマール,卸売業,追加確認,130.21,7050,7377,31086.96,0.96,340.95,0.61,5.44,37.74,100,18,-0.7,今買い候補,irbank:2026/03,低PBR 0.61倍 / 低PER 5.44倍 / ネット現金厚め 37.74% / 上昇余地大 340.95% / 価格検証良好 勝率100%/平均18%,買いラインへの余裕が小さい 0.96倍,自動ランキングには反映。原資料チェックで信頼度を上げる
8147,トミタ,卸売業,追加確認,128.07,1278,1310.9,3812.7,0.97,198.33,0.51,9.75,100.36,100,11.3,-1,今買い候補,irbank:2026/03,低PBR 0.51倍 / 低PER 9.75倍 / ネット現金厚め 100.36% / 上昇余地大 198.33% / 価格検証良好 勝率100%/平均11.3%,買いラインへの余裕が小さい 0.97倍,自動ランキングには反映。原資料チェックで信頼度を上げる
1443,技研ホールディングス,建設業,追加確認,132.52,244,394.2,1217.9,0.62,399.14,0.31,6.19,-36.94,100,13.8,0,今買い候補,irbank:2026/03,低PBR 0.31倍 / 低PER 6.19倍 / 買いライン以下 0.62倍 / 上昇余地大 399.14% / 価格検証良好 勝率100%/平均13.8%,通常候補登録済みのため既存候補側で最終確認,自動ランキングには反映。原資料チェックで信頼度を上げる
3352,バッファロー,小売業,通常候補へ昇格OK,127.21,1658,1774.92,4967.04,0.93,199.58,0.6,8.01,76.75,100,10,-2.8,今買い候補,irbank:2026/03,低PBR 0.6倍 / 低PER 8.01倍 / ネット現金厚め 76.75% / 上昇余地大 199.58% / 価格検証良好 勝率100%/平均10%,大きな自動除外理由なし,自動ランキングへ反映済み。通常候補追加プレビューへも反映
5697,サンユウ,鉄鋼,通常候補へ昇格OK,138.75,696,1025.7,2616.68,0.68,275.96,0.41,6.79,80.52,100,13.8,-0.2,今買い候補,irbank:2026/03,低PBR 0.41倍 / 低PER 6.79倍 / ネット現金厚め 80.52% / 買いライン以下 0.68倍 / 上昇余地大 275.96% / 価格検証良好 勝率100%/平均13.8%,大きな自動除外理由なし,自動ランキングへ反映済み。通常候補追加プレビューへも反映
5363,東京窯業,ガラス・土石製品,追加確認,126.83,674,679.5,2446.8,0.99,263.03,0.63,6.61,31.95,100,16.4,-0.4,今買い候補,irbank:2026/03,低PBR 0.63倍 / 低PER 6.61倍 / ネット現金厚め 31.95% / 上昇余地大 263.03% / 価格検証良好 勝率100%/平均16.4%,買いラインへの余裕が小さい 0.99倍,自動ランキングには反映。原資料チェックで信頼度を上げる
4231,タイガースポリマー,化学,通常候補へ昇格OK,133.63,970,1228.4,3680.38,0.79,279.42,0.4,7.9,62.01,100,13.1,0,今買い候補,irbank:2026/03,低PBR 0.4倍 / 低PER 7.9倍 / ネット現金厚め 62.01% / 買いライン以下 0.79倍 / 上昇余地大 279.42% / 価格検証良好 勝率100%/平均13.1%,大きな自動除外理由なし,自動ランキングへ反映済み。通常候補追加プレビューへも反映
9767,日建工学,サービス業,通常候補へ昇格OK,131.91,1505,1730.6,4609.68,0.87,206.29,0.56,7.84,89.42,100,9.7,-1.8,今買い候補,irbank:2026/03,低PBR 0.56倍 / 低PER 7.84倍 / ネット現金厚め 89.42% / 買いライン以下 0.87倍 / 上昇余地大 206.29% / 価格検証良好 勝率100%/平均9.7%,大きな自動除外理由なし,自動ランキングへ反映済み。通常候補追加プレビューへも反映
4224,ロンシール工業,化学,通常候補へ昇格OK,130.57,1988,2278.6,6547.08,0.87,229.33,0.46,8.72,73.21,100,14.5,-0.9,今買い候補,irbank:2026/03,低PBR 0.46倍 / 低PER 8.72倍 / ネット現金厚め 73.21% / 買いライン以下 0.87倍 / 上昇余地大 229.33% / 価格検証良好 勝率100%/平均14.5%,大きな自動除外理由なし,自動ランキングへ反映済み。通常候補追加プレビューへも反映
7208,カネミツ,輸送用機器,今回は見送り,131.2,1216,1329.9,3744.45,0.91,207.93,0.5,9.14,52.9,100,5.7,-6,今買い候補,irbank:2026/03,低PBR 0.5倍 / 低PER 9.14倍 / ネット現金厚め 52.9% / 上昇余地大 207.93%,価格検証の平均利益が不足 5.7%,ランキング上位から外す。条件改善まで買い表示しない
8046,丸藤シートパイル,卸売業,今回は見送り,124.79,842,1014.9,2904.58,0.83,244.96,0.44,8.3,26.72,66.7,6.6,-3.5,今買い候補,irbank:2026/03,低PBR 0.44倍 / 低PER 8.3倍 / ネット現金厚め 26.72% / 買いライン以下 0.83倍 / 上昇余地大 244.96%,価格検証の勝率が不足 66.7% / 価格検証の平均利益が不足 6.6%,ランキング上位から外す。条件改善まで買い表示しない
1897,金下建設,建設業,追加確認,133.31,3075,3500,9945,0.88,223.41,0.47,8.79,212.56,100,15.3,-1.7,今買い候補,confirmed,低PBR 0.47倍 / 低PER 8.79倍 / ネット現金厚め 212.56% / 買いライン以下 0.88倍 / 上昇余地大 223.41% / 価格検証良好 勝率100%/平均15.3%,通常候補登録済みのため既存候補側で最終確認,自動ランキングには反映。原資料チェックで信頼度を上げる
4119,日本ピグメントホールディングス,化学,通常候補へ昇格OK,130.83,5650,8282.9,21824.76,0.68,286.28,0.4,6.82,8.15,100,15.4,-0.4,今買い候補,irbank:2026/03,低PBR 0.4倍 / 低PER 6.82倍 / 買いライン以下 0.68倍 / 上昇余地大 286.28% / 価格検証良好 勝率100%/平均15.4%,大きな自動除外理由なし,自動ランキングへ反映済み。通常候補追加プレビューへも反映
8416,高知銀行,銀行業,今回は見送り,123.57,1237,2012,6926.02,0.61,459.9,0.27,6.15,724.52,66.7,6.4,-6.6,今買い候補,irbank:2026/03,低PBR 0.27倍 / 低PER 6.15倍 / ネット現金厚め 724.52% / 買いライン以下 0.61倍 / 上昇余地大 459.9%,価格検証の勝率が不足 66.7% / 価格検証の平均利益が不足 6.4% / 銀行業は財務構造が特殊なため原資料確認を優先,ランキング上位から外す。条件改善まで買い表示しない
6743,大同信号,電気機器,追加確認,118.54,796,1121.24,2871.84,0.71,260.78,0.45,6.65,-13.54,100,13.9,-6.8,今買い候補,irbank:2026/03,低PBR 0.45倍 / 低PER 6.65倍 / 買いライン以下 0.71倍 / 上昇余地大 260.78% / 価格検証良好 勝率100%/平均13.9%,大きな自動除外理由なし,自動ランキングには反映。原資料チェックで信頼度を上げる
4242,タカギセイコー,化学,追加確認,118.51,1722,2215.1,6907.71,0.78,301.14,0.38,7.77,-46.94,100,10.8,-0.7,今買い候補,irbank:2026/03,低PBR 0.38倍 / 低PER 7.77倍 / 買いライン以下 0.78倍 / 上昇余地大 301.14% / 価格検証良好 勝率100%/平均10.8%,大きな自動除外理由なし,自動ランキングには反映。原資料チェックで信頼度を上げる
9980,ＭＲＫホールディングス,小売業,通常候補へ昇格OK,128.7,91,101.48,323.28,0.9,255.25,0.57,6.76,23.05,100,29.3,0,今買い候補,irbank:2026/03,低PBR 0.57倍 / 低PER 6.76倍 / ネット現金厚め 23.05% / 買いライン以下 0.9倍 / 上昇余地大 255.25% / 価格検証良好 勝率100%/平均29.3%,大きな自動除外理由なし,自動ランキングへ反映済み。通常候補追加プレビューへも反映
1867,植木組,建設業,追加確認,115.97,2380,3088.99,7847.76,0.77,229.74,0.49,7.28,-21.15,100,10,-3,今買い候補,irbank:2026/03,低PBR 0.49倍 / 低PER 7.28倍 / 買いライン以下 0.77倍 / 上昇余地大 229.74% / 価格検証良好 勝率100%/平均10%,大きな自動除外理由なし,自動ランキングには反映。原資料チェックで信頼度を上げる
5820,三ッ星,非鉄金属,追加確認,111.7,753,790.4,2818.44,0.95,274.3,0.41,9.53,-22.29,100,11.8,-1.1,今買い候補,irbank:2026/03,低PBR 0.41倍 / 低PER 9.53倍 / 上昇余地大 274.3% / 価格検証良好 勝率100%/平均11.8%,大きな自動除外理由なし,自動ランキングには反映。原資料チェックで信頼度を上げる
7822,永大産業,その他製品,今回は見送り,123.56,240,452.5,1448.7,0.53,503.62,0.25,5.3,-169.11,100,6.3,-2.1,今買い候補,irbank:2026/03,低PBR 0.25倍 / 低PER 5.3倍 / 買いライン以下 0.53倍 / 上昇余地大 503.62%,価格検証の平均利益が不足 6.3% / ネット有利子負債が重い -169.11%,ランキング上位から外す。条件改善まで買い表示しない
6513,オリジン,電気機器,今回は見送り,129.41,1075,1800,8568,0.6,697.02,0.19,5.97,345.98,66.7,0.3,-5.1,今買い候補,confirmed,低PBR 0.19倍 / 低PER 5.97倍 / ネット現金厚め 345.98% / 買いライン以下 0.6倍 / 上昇余地大 697.02%,価格検証の勝率が不足 66.7% / 価格検証の平均利益が不足 0.3% / 通常候補登録済みのため既存候補側で最終確認,ランキング上位から外す。条件改善まで買い表示しない
7986,日本アイ・エス・ケイ,その他製品,今回は見送り,126.5,1777,1979.05,7042.32,0.9,296.3,0.57,6.06,52.14,100,4.3,-1.9,今買い候補,irbank:2026/03,低PBR 0.57倍 / 低PER 6.06倍 / ネット現金厚め 52.14% / 買いライン以下 0.9倍 / 上昇余地大 296.3%,価格検証の平均利益が不足 4.3%,ランキング上位から外す。条件改善まで買い表示しない
5204,石塚硝子,ガラス・土石製品,追加確認,119.73,3000,5155.7,13859.41,0.58,361.98,0.33,5.82,-152.51,100,19,-1,今買い候補,irbank:2026/03,低PBR 0.33倍 / 低PER 5.82倍 / 買いライン以下 0.58倍 / 上昇余地大 361.98% / 価格検証良好 勝率100%/平均19%,ネット有利子負債が重い -152.51%,自動ランキングには反映。原資料チェックで信頼度を上げる
7161,じもとホールディングス,銀行業,今回は見送り,126.4,494,1348.1,5016.03,0.37,915.39,0.15,3.66,1224.55,100,7.5,-4.4,今買い候補,irbank:2026/03,低PBR 0.15倍 / 低PER 3.66倍 / ネット現金厚め 1224.55% / 買いライン以下 0.37倍 / 上昇余地大 915.39%,価格検証の平均利益が不足 7.5% / 銀行業は財務構造が特殊なため原資料確認を優先,ランキング上位から外す。条件改善まで買い表示しない
5391,エーアンドエーマテリアル,ガラス・土石製品,追加確認,118.31,1421,1986.66,5208.24,0.72,266.52,0.46,6.55,-111.13,100,22.6,0,今買い候補,irbank:2026/03,低PBR 0.46倍 / 低PER 6.55倍 / 買いライン以下 0.72倍 / 上昇余地大 266.52% / 価格検証良好 勝率100%/平均22.6%,ネット有利子負債が重い -111.13%,自動ランキングには反映。原資料チェックで信頼度を上げる
6771,池上通信機,電気機器,今回は見送り,111.15,639,779.4,3411.41,0.82,433.87,0.29,8.2,-130.77,66.7,10.9,-3.4,今買い候補,irbank:2026/03,低PBR 0.29倍 / 低PER 8.2倍 / 買いライン以下 0.82倍 / 上昇余地大 433.87%,価格検証の勝率が不足 66.7% / ネット有利子負債が重い -130.77%,ランキング上位から外す。条件改善まで買い表示しない
7955,クリナップ,その他製品,通常候補へ昇格OK,117.63,877,1006.7,2622.39,0.87,199.02,0.51,8.71,38.61,100,8.8,-6.1,今買い候補,irbank:2026/03,低PBR 0.51倍 / 低PER 8.71倍 / ネット現金厚め 38.61% / 買いライン以下 0.87倍 / 上昇余地大 199.02% / 価格検証良好 勝率100%/平均8.8%,大きな自動除外理由なし,自動ランキングへ反映済み。通常候補追加プレビューへも反映
6343,フリージア・マクロス,機械,追加確認,117.37,152,240.51,853.2,0.63,461.32,0.4,4.28,-89.27,100,18.4,-0.7,今買い候補,irbank:2026/03,低PBR 0.4倍 / 低PER 4.28倍 / 買いライン以下 0.63倍 / 上昇余地大 461.32% / 価格検証良好 勝率100%/平均18.4%,ネット有利子負債が重い -89.27%,自動ランキングには反映。原資料チェックで信頼度を上げる
6286,靜甲,機械,今回は見送り,114.73,1421,1548.4,4134.81,0.92,190.98,0.53,9.18,50.28,66.7,3.1,-5,今買い候補,irbank:2026/03,低PBR 0.53倍 / 低PER 9.18倍 / ネット現金厚め 50.28% / 上昇余地大 190.98%,価格検証の勝率が不足 66.7% / 価格検証の平均利益が不足 3.1%,ランキング上位から外す。条件改善まで買い表示しない
6335,東京機械製作所,機械,追加確認,108.73,683,693.7,1774.19,0.98,159.76,0.59,9.85,133.57,100,19.6,-6,今買い候補,irbank:2026/03,低PBR 0.59倍 / 低PER 9.85倍 / ネット現金厚め 133.57% / 上昇余地大 159.76% / 価格検証良好 勝率100%/平均19.6%,買いラインへの余裕が小さい 0.98倍,自動ランキングには反映。原資料チェックで信頼度を上げる
6484,ＫＶＫ,機械,今回は見送り,114.86,2369,2455.57,6577.2,0.96,177.64,0.62,8.64,17.61,100,7.7,-0.2,今買い候補,irbank:2026/03,低PBR 0.62倍 / 低PER 8.64倍 / ネット現金厚め 17.61% / 上昇余地大 177.64%,価格検証の平均利益が不足 7.7% / 買いラインへの余裕が小さい 0.96倍,ランキング上位から外す。条件改善まで買い表示しない
7486,サンリン,卸売業,今回は見送り,117.58,763,795.7,2775.62,0.96,263.78,0.42,9.59,15.18,66.7,7.5,-6.3,今買い候補,irbank:2026/03,低PBR 0.42倍 / 低PER 9.59倍 / ネット現金厚め 15.18% / 上昇余地大 263.78%,価格検証の勝率が不足 66.7% / 価格検証の平均利益が不足 7.5% / 買いラインへの余裕が小さい 0.96倍,ランキング上位から外す。条件改善まで買い表示しない
3864,三菱製紙,パルプ・紙,今回は見送り,111.53,1039,1483.7,3602.61,0.7,246.74,0.44,7,-131.06,50,4.1,-4.9,今買い候補,irbank:2026/03,低PBR 0.44倍 / 低PER 7倍 / 買いライン以下 0.7倍 / 上昇余地大 246.74%,価格検証の勝率が不足 50% / 価格検証の平均利益が不足 4.1% / ネット有利子負債が重い -131.06%,ランキング上位から外す。条件改善まで買い表示しない
5279,日本興業,ガラス・土石製品,今回は見送り,106.85,1167,1405.8,4523.69,0.83,287.63,0.39,8.3,-72.54,66.7,6.6,-3.4,今買い候補,irbank:2026/03,低PBR 0.39倍 / 低PER 8.3倍 / 買いライン以下 0.83倍 / 上昇余地大 287.63%,価格検証の勝率が不足 66.7% / 価格検証の平均利益が不足 6.6%,ランキング上位から外す。条件改善まで買い表示しない
9363,大運,倉庫・運輸関連業,今回は見送り,105.07,525,538.13,1682.64,0.98,220.5,0.62,7.49,38.42,40,-2,-6.8,今買い候補,irbank:2026/03,低PBR 0.62倍 / 低PER 7.49倍 / ネット現金厚め 38.42% / 上昇余地大 220.5%,価格検証の勝率が不足 40% / 価格検証の平均利益が不足 -2% / 買いラインへの余裕が小さい 0.98倍,ランキング上位から外す。条件改善まで買い表示しない
3551,ダイニック,繊維製品,今回は見送り,108.95,1289,2336.77,5739.12,0.55,345.24,0.35,5.39,-129.58,33.3,1.7,-6.1,今買い候補,irbank:2026/03,低PBR 0.35倍 / 低PER 5.39倍 / 買いライン以下 0.55倍 / 上昇余地大 345.24%,価格検証の勝率が不足 33.3% / 価格検証の平均利益が不足 1.7% / ネット有利子負債が重い -129.58%,ランキング上位から外す。条件改善まで買い表示しない
7279,ハイレックスコーポレーション,輸送用機器,今回は見送り,128.87,2023,3677.9,23925.12,0.55,1082.66,0.35,2.03,67.79,50,7,-2.9,今買い候補,irbank:2026/04,低PBR 0.35倍 / 低PER 2.03倍 / ネット現金厚め 67.79% / 買いライン以下 0.55倍 / 上昇余地大 1082.66%,価格検証の勝率が不足 50% / 価格検証の平均利益が不足 7%,ランキング上位から外す。条件改善まで買い表示しない
9366,サンリツ,倉庫・運輸関連業,今回は見送り,111.49,993,1241.5,3296.11,0.8,231.93,0.46,8,-129.32,100,7.1,-3.7,今買い候補,irbank:2026/03,低PBR 0.46倍 / 低PER 8倍 / 買いライン以下 0.8倍 / 上昇余地大 231.93%,価格検証の平均利益が不足 7.1% / ネット有利子負債が重い -129.32%,ランキング上位から外す。条件改善まで買い表示しない
1914,日本基礎技術,建設業,追加確認,111.3,652,825.5,2067.6,0.79,217.12,0.48,7.9,-14.04,100,18.3,0,今買い候補,irbank:2026/03,低PBR 0.48倍 / 低PER 7.9倍 / 買いライン以下 0.79倍 / 上昇余地大 217.12% / 価格検証良好 勝率100%/平均18.3%,大きな自動除外理由なし,自動ランキングには反映。原資料チェックで信頼度を上げる
5975,東プレ,金属製品,通常候補へ昇格OK,115.04,2703,3035.3,7537.56,0.89,178.86,0.55,8.91,12.35,100,9.3,-4.9,今買い候補,irbank:2026/03,低PBR 0.55倍 / 低PER 8.91倍 / 買いライン以下 0.89倍 / 上昇余地大 178.86% / 価格検証良好 勝率100%/平均9.3%,大きな自動除外理由なし,自動ランキングへ反映済み。通常候補追加プレビューへも反映
7538,大水,卸売業,追加確認,110.6,348,477.2,1442.36,0.73,314.47,0.37,7.29,-31.47,100,15.3,-0.6,今買い候補,irbank:2026/03,低PBR 0.37倍 / 低PER 7.29倍 / 買いライン以下 0.73倍 / 上昇余地大 314.47% / 価格検証良好 勝率100%/平均15.3%,大きな自動除外理由なし,自動ランキングには反映。原資料チェックで信頼度を上げる
8891,ＡＭＧホールディングス,不動産業,追加確認,106.3,1862,2381.2,6546.5,0.78,251.58,0.44,7.82,-214.23,100,14,-1.7,今買い候補,irbank:2026/03,低PBR 0.44倍 / 低PER 7.82倍 / 買いライン以下 0.78倍 / 上昇余地大 251.58% / 価格検証良好 勝率100%/平均14%,不動産業は財務構造が特殊なため原資料確認を優先 / ネット有利子負債が重い -214.23%,自動ランキングには反映。原資料チェックで信頼度を上げる
9130,共栄タンカー,海運業,追加確認,110.04,1433,1699.9,5219.93,0.84,264.27,0.42,8.43,-348.63,100,20.1,-0.7,今買い候補,irbank:2026/03,低PBR 0.42倍 / 低PER 8.43倍 / 買いライン以下 0.84倍 / 上昇余地大 264.27% / 価格検証良好 勝率100%/平均20.1%,ネット有利子負債が重い -348.63%,自動ランキングには反映。原資料チェックで信頼度を上げる
7299,フジオーゼックス,輸送用機器,今回は見送り,119.95,1614,1728.9,4979.32,0.93,208.51,0.5,9.34,38.71,100,5.4,-6,今買い候補,irbank:2026/03,低PBR 0.5倍 / 低PER 9.34倍 / ネット現金厚め 38.71% / 上昇余地大 208.51%,価格検証の平均利益が不足 5.4%,ランキング上位から外す。条件改善まで買い表示しない
3947,ダイナパック,パルプ・紙,今回は見送り,109.71,2194,2559.5,7500.08,0.86,241.84,0.45,8.57,-10.08,100,7.8,-3.7,今買い候補,irbank:2026/03,低PBR 0.45倍 / 低PER 8.57倍 / 買いライン以下 0.86倍 / 上昇余地大 241.84%,価格検証の平均利益が不足 7.8%,ランキング上位から外す。条件改善まで買い表示しない
6307,サンセイ,機械,今回は見送り,112.66,413,438.91,1235.28,0.94,199.1,0.6,8.02,16.96,75,9.8,-9,今買い候補,irbank:2026/03,低PBR 0.6倍 / 低PER 8.02倍 / ネット現金厚め 16.96% / 上昇余地大 199.1%,価格検証の勝率が不足 75% / 過去検証の最大下落が大きい -9%,ランキング上位から外す。条件改善まで買い表示しない
1866,北野建設,建設業,通常候補へ昇格OK,118.99,1080,1357.14,3453.84,0.8,219.8,0.51,7.5,44.74,100,13.8,0,今買い候補,irbank:2026/03,低PBR 0.51倍 / 低PER 7.5倍 / ネット現金厚め 44.74% / 買いライン以下 0.8倍 / 上昇余地大 219.8% / 価格検証良好 勝率100%/平均13.8%,大きな自動除外理由なし,自動ランキングへ反映済み。通常候補追加プレビューへも反映
1718,美樹工業,建設業,追加確認,108.85,7090,10245.2,24936.57,0.69,251.71,0.44,6.92,-90.69,100,10.5,-0.6,今買い候補,irbank:2026/03,低PBR 0.44倍 / 低PER 6.92倍 / 買いライン以下 0.69倍 / 上昇余地大 251.71% / 価格検証良好 勝率100%/平均10.5%,ネット有利子負債が重い -90.69%,自動ランキングには反映。原資料チェックで信頼度を上げる
7280,ミツバ,電気機器,今回は見送り,109.8,1160,1667.75,6002.16,0.7,417.43,0.45,4.64,-64.06,66.7,9.2,-7.8,今買い候補,irbank:2026/03,低PBR 0.45倍 / 低PER 4.64倍 / 買いライン以下 0.7倍 / 上昇余地大 417.43%,価格検証の勝率が不足 66.7%,ランキング上位から外す。条件改善まで買い表示しない
3611,マツオカコーポレーション,繊維製品,今回は見送り,109.07,2339,2434.68,7772.64,0.96,232.31,0.61,7.22,21.44,66.7,5.8,-6.2,今買い候補,irbank:2026/03,低PBR 0.61倍 / 低PER 7.22倍 / ネット現金厚め 21.44% / 上昇余地大 232.31%,価格検証の勝率が不足 66.7% / 価格検証の平均利益が不足 5.8% / 買いラインへの余裕が小さい 0.96倍,ランキング上位から外す。条件改善まで買い表示しない
2907,あじかん,食料品,追加確認,94.05,1445,1536.3,3740.87,0.94,158.88,0.59,9.41,-7.68,100,11.9,-3.3,今買い候補,irbank:2026/03,低PBR 0.59倍 / 低PER 9.41倍 / 上昇余地大 158.88% / 価格検証良好 勝率100%/平均11.9%,大きな自動除外理由なし,自動ランキングには反映。原資料チェックで信頼度を上げる
3204,トーア紡コーポレーション,繊維製品,今回は見送り,103.16,509,589.1,2456.34,0.86,382.58,0.32,8.64,-223.53,60,4.2,-6,今買い候補,irbank:2026/03,低PBR 0.32倍 / 低PER 8.64倍 / 買いライン以下 0.86倍 / 上昇余地大 382.58%,価格検証の勝率が不足 60% / 価格検証の平均利益が不足 4.2% / ネット有利子負債が重い -223.53%,ランキング上位から外す。条件改善まで買い表示しない
4222,児玉化学工業,化学,今回は見送り,108.01,658,901,2798.31,0.73,325.27,0.36,7.3,-38.75,66.7,11.3,-10.2,今買い候補,irbank:2026/03,低PBR 0.36倍 / 低PER 7.3倍 / 買いライン以下 0.73倍 / 上昇余地大 325.27%,価格検証の勝率が不足 66.7% / 過去検証の最大下落が大きい -10.2%,ランキング上位から外す。条件改善まで買い表示しない
5282,ジオスター,ガラス・土石製品,通常候補へ昇格OK,121.2,419,524.79,1449.36,0.8,245.91,0.51,6.94,60.11,100,8.8,-1.3,今買い候補,irbank:2026/03,低PBR 0.51倍 / 低PER 6.94倍 / ネット現金厚め 60.11% / 買いライン以下 0.8倍 / 上昇余地大 245.91% / 価格検証良好 勝率100%/平均8.8%,大きな自動除外理由なし,自動ランキングへ反映済み。通常候補追加プレビューへも反映
7877,永大化工,化学,今回は見送り,120.47,1987,2845.4,9217.59,0.7,363.89,0.33,6.98,74.97,50,6.1,-4.4,今買い候補,irbank:2026/03,低PBR 0.33倍 / 低PER 6.98倍 / ネット現金厚め 74.97% / 買いライン以下 0.7倍 / 上昇余地大 363.89%,価格検証の勝率が不足 50% / 価格検証の平均利益が不足 6.1%,ランキング上位から外す。条件改善まで買い表示しない
5660,神鋼鋼線工業,鉄鋼,追加確認,103.41,1752,1895.2,6572.12,0.92,275.12,0.41,9.24,-72.17,100,15.8,0,今買い候補,irbank:2026/03,低PBR 0.41倍 / 低PER 9.24倍 / 上昇余地大 275.12% / 価格検証良好 勝率100%/平均15.8%,大きな自動除外理由なし,自動ランキングには反映。原資料チェックで信頼度を上げる
4624,イサム塗料,化学,今回は見送り,119.91,3395,3963.4,14497.32,0.86,327.02,0.36,8.57,62.85,100,6,-3.8,今買い候補,irbank:2026/03,低PBR 0.36倍 / 低PER 8.57倍 / ネット現金厚め 62.85% / 買いライン以下 0.86倍 / 上昇余地大 327.02%,価格検証の平均利益が不足 6%,ランキング上位から外す。条件改善まで買い表示しない
8041,ＯＵＧホールディングス,卸売業,追加確認,102.8,4185,4913.01,14228.64,0.85,239.99,0.55,7.06,-92.68,100,8.8,-5.9,今買い候補,irbank:2026/03,低PBR 0.55倍 / 低PER 7.06倍 / 買いライン以下 0.85倍 / 上昇余地大 239.99% / 価格検証良好 勝率100%/平均8.8%,ネット有利子負債が重い -92.68%,自動ランキングには反映。原資料チェックで信頼度を上げる
8291,日産東京販売ホールディングス,小売業,今回は見送り,112.14,546,588.6,1507.65,0.93,176.13,0.55,9.28,9.39,100,4.8,-0.6,今買い候補,irbank:2026/03,低PBR 0.55倍 / 低PER 9.28倍 / 上昇余地大 176.13%,価格検証の平均利益が不足 4.8%,ランキング上位から外す。条件改善まで買い表示しない
9312,ケイヒン,倉庫・運輸関連業,追加確認,102.08,2764,3312.77,12498.96,0.83,352.21,0.53,5.31,-36.13,100,17.2,-0.4,今買い候補,irbank:2026/03,低PBR 0.53倍 / 低PER 5.31倍 / 買いライン以下 0.83倍 / 上昇余地大 352.21% / 価格検証良好 勝率100%/平均17.2%,大きな自動除外理由なし,自動ランキングには反映。原資料チェックで信頼度を上げる
5994,ファインシンター,金属製品,今回は見送り,104.39,936,1168.4,5129.69,0.8,448.04,0.28,8.01,-280.37,66.7,7.4,-7.1,今買い候補,irbank:2026/03,低PBR 0.28倍 / 低PER 8.01倍 / 買いライン以下 0.8倍 / 上昇余地大 448.04%,価格検証の勝率が不足 66.7% / 価格検証の平均利益が不足 7.4% / ネット有利子負債が重い -280.37%,ランキング上位から外す。条件改善まで買い表示しない
3151,バイタルケーエスケー・ホールディングス,卸売業,今回は見送り,98.98,1520,1550.3,3720.72,0.98,144.78,0.63,9.8,18.28,60,4.7,-4.6,今買い候補,irbank:2026/03,低PBR 0.63倍 / 低PER 9.8倍 / ネット現金厚め 18.28% / 上昇余地大 144.78%,価格検証の勝率が不足 60% / 価格検証の平均利益が不足 4.7% / 買いラインへの余裕が小さい 0.98倍,ランキング上位から外す。条件改善まで買い表示しない
7264,ムロコーポレーション,輸送用機器,今回は見送り,117.74,1271,2006,5758.11,0.63,353.04,0.34,6.34,67.27,50,2.3,-6.6,今買い候補,irbank:2026/03,低PBR 0.34倍 / 低PER 6.34倍 / ネット現金厚め 67.27% / 買いライン以下 0.63倍 / 上昇余地大 353.04%,価格検証の勝率が不足 50% / 価格検証の平均利益が不足 2.3%,ランキング上位から外す。条件改善まで買い表示しない
8383,鳥取銀行,銀行業,今回は見送り,100.29,1552,1709.6,8308.01,0.91,435.31,0.29,9.08,488.97,66.7,7.3,-4.4,今買い候補,irbank:2026/03,低PBR 0.29倍 / 低PER 9.08倍 / ネット現金厚め 488.97% / 上昇余地大 435.31%,価格検証の勝率が不足 66.7% / 価格検証の平均利益が不足 7.3% / 銀行業は財務構造が特殊なため原資料確認を優先,ランキング上位から外す。条件改善まで買い表示しない
4678,秀英予備校,サービス業,今回は見送り,120.75,303,453.89,1609.68,0.67,431.25,0.43,4.52,19.93,100,3.4,-0.3,今買い候補,irbank:2026/03,低PBR 0.43倍 / 低PER 4.52倍 / ネット現金厚め 19.93% / 買いライン以下 0.67倍 / 上昇余地大 431.25%,価格検証の平均利益が不足 3.4%,ランキング上位から外す。条件改善まで買い表示しない
9506,東北電力,電気・ガス業,追加確認,106.21,1042,1421.63,4076.4,0.73,291.21,0.47,6.13,-458.92,100,9.2,-0.4,今買い候補,irbank:2026/03,低PBR 0.47倍 / 低PER 6.13倍 / 買いライン以下 0.73倍 / 上昇余地大 291.21% / 価格検証良好 勝率100%/平均9.2%,電気・ガス業は財務構造が特殊なため原資料確認を優先 / ネット有利子負債が重い -458.92%,自動ランキングには反映。原資料チェックで信頼度を上げる
2286,林兼産業,食料品,今回は見送り,94.61,879,1063.26,3526.8,0.83,301.23,0.53,5.98,-59.62,66.7,0.7,-8.7,今買い候補,irbank:2026/03,低PBR 0.53倍 / 低PER 5.98倍 / 買いライン以下 0.83倍 / 上昇余地大 301.23%,価格検証の勝率が不足 66.7% / 価格検証の平均利益が不足 0.7% / 過去検証の最大下落が大きい -8.7%,ランキング上位から外す。条件改善まで買い表示しない
7427,エコートレーディング,卸売業,今回は見送り,113.64,830,1248.1,3068.15,0.67,269.66,0.41,6.65,90.87,50,-2,-6.5,今買い候補,irbank:2026/02,低PBR 0.41倍 / 低PER 6.65倍 / ネット現金厚め 90.87% / 買いライン以下 0.67倍 / 上昇余地大 269.66%,価格検証の勝率が不足 50% / 価格検証の平均利益が不足 -2%,ランキング上位から外す。条件改善まで買い表示しない
8165,千趣会,小売業,今回は見送り,110.38,108,219.94,692.64,0.49,541.33,0.31,3.74,123.96,0,0,0,今買い候補,irbank:2026/03,低PBR 0.31倍 / 低PER 3.74倍 / ネット現金厚め 123.96% / 買いライン以下 0.49倍 / 上昇余地大 541.33%,価格検証の勝率が不足 0% / 価格検証の平均利益が不足 0%,ランキング上位から外す。条件改善まで買い表示しない
7980,重松製作所,その他製品,追加確認,95.73,794,849.25,2463.6,0.93,210.28,0.6,7.74,-107.87,100,16.8,-2.3,今買い候補,irbank:2026/03,低PBR 0.6倍 / 低PER 7.74倍 / 上昇余地大 210.28% / 価格検証良好 勝率100%/平均16.8%,ネット有利子負債が重い -107.87%,自動ランキングには反映。原資料チェックで信頼度を上げる
9896,ＪＫホールディングス,卸売業,通常候補へ昇格OK,105.26,1423,1565.04,3843.6,0.91,170.11,0.58,8.89,44.28,100,12.7,0,今買い候補,irbank:2026/03,低PBR 0.58倍 / 低PER 8.89倍 / ネット現金厚め 44.28% / 上昇余地大 170.11% / 価格検証良好 勝率100%/平均12.7%,大きな自動除外理由なし,自動ランキングへ反映済み。通常候補追加プレビューへも反映
5906,エムケー精工,金属製品,今回は見送り,97.93,784,891.45,2585.04,0.88,229.72,0.56,7.28,-2.27,66.7,8.1,-4.7,今買い候補,irbank:2026/03,低PBR 0.56倍 / 低PER 7.28倍 / 買いライン以下 0.88倍 / 上昇余地大 229.72%,価格検証の勝率が不足 66.7%,ランキング上位から外す。条件改善まで買い表示しない
1798,守谷商会,建設業,今回は見送り,111.7,1092,1100.61,3741.6,0.99,242.64,0.63,7,50.92,100,7.2,-1.2,今買い候補,irbank:2026/03,低PBR 0.63倍 / 低PER 7倍 / ネット現金厚め 50.92% / 上昇余地大 242.64%,価格検証の平均利益が不足 7.2% / 買いラインへの余裕が小さい 0.99倍,ランキング上位から外す。条件改善まで買い表示しない
7218,田中精密工業,輸送用機器,今回は見送り,116.59,1115,1537.7,4071.97,0.73,265.2,0.42,7.25,6.84,100,3,-1.8,今買い候補,irbank:2026/03,低PBR 0.42倍 / 低PER 7.25倍 / 買いライン以下 0.73倍 / 上昇余地大 265.2%,価格検証の平均利益が不足 3%,ランキング上位から外す。条件改善まで買い表示しない
6342,太平製作所,機械,今回は見送り,116.01,2713,3458.9,8516.06,0.78,213.9,0.49,7.84,42.12,50,10.8,-1.2,今買い候補,irbank:2026/03,低PBR 0.49倍 / 低PER 7.84倍 / ネット現金厚め 42.12% / 買いライン以下 0.78倍 / 上昇余地大 213.9%,価格検証の勝率が不足 50%,ランキング上位から外す。条件改善まで買い表示しない
5753,日本伸銅,非鉄金属,今回は見送り,105.17,2330,3806.45,10219.92,0.61,338.62,0.39,5.47,-47.47,50,9.7,-1.3,今買い候補,irbank:2026/03,低PBR 0.39倍 / 低PER 5.47倍 / 買いライン以下 0.61倍 / 上昇余地大 338.62%,価格検証の勝率が不足 50%,ランキング上位から外す。条件改善まで買い表示しない
7231,トピー工業,輸送用機器,今回は見送り,96.01,2714,2775.8,10190.7,0.98,275.49,0.41,9.78,-52.15,66.7,4.7,-6.6,今買い候補,irbank:2026/03,低PBR 0.41倍 / 低PER 9.78倍 / 上昇余地大 275.49%,価格検証の勝率が不足 66.7% / 価格検証の平均利益が不足 4.7% / 買いラインへの余裕が小さい 0.98倍,ランキング上位から外す。条件改善まで買い表示しない
9876,コックス,小売業,今回は見送り,102.61,230,243.85,938.4,0.94,308,0.6,5.88,92.99,50,0.9,-7.1,今買い候補,irbank:2026/02,低PBR 0.6倍 / 低PER 5.88倍 / ネット現金厚め 92.99% / 上昇余地大 308%,価格検証の勝率が不足 50% / 価格検証の平均利益が不足 0.9%,ランキング上位から外す。条件改善まで買い表示しない
7254,ユニバンス,輸送用機器,今回は見送り,109.54,723,897.06,2300.16,0.81,218.14,0.52,7.54,73.22,50,7.1,-5.8,今買い候補,irbank:2026/03,低PBR 0.52倍 / 低PER 7.54倍 / ネット現金厚め 73.22% / 買いライン以下 0.81倍 / 上昇余地大 218.14%,価格検証の勝率が不足 50% / 価格検証の平均利益が不足 7.1%,ランキング上位から外す。条件改善まで買い表示しない
4635,東京インキ,化学,今回は見送り,95.51,1330,1560.6,3905.1,0.85,193.62,0.52,8.52,-10.89,66.7,9.1,-6,今買い候補,irbank:2026/03,低PBR 0.52倍 / 低PER 8.52倍 / 買いライン以下 0.85倍 / 上昇余地大 193.62%,価格検証の勝率が不足 66.7%,ランキング上位から外す。条件改善まで買い表示しない
8260,井筒屋,小売業,追加確認,101.78,376,450,1680.66,0.84,346.98,0.34,8.36,-236.26,100,11.3,-1.4,今買い候補,irbank:2026/02,低PBR 0.34倍 / 低PER 8.36倍 / 買いライン以下 0.84倍 / 上昇余地大 346.98% / 価格検証良好 勝率100%/平均11.3%,ネット有利子負債が重い -236.26%,自動ランキングには反映。原資料チェックで信頼度を上げる
8563,大東銀行,銀行業,今回は見送り,102.76,946,1262.5,3518.24,0.75,271.91,0.41,7.49,275.98,66.7,6.1,-6.7,今買い候補,irbank:2026/03,低PBR 0.41倍 / 低PER 7.49倍 / ネット現金厚め 275.98% / 買いライン以下 0.75倍 / 上昇余地大 271.91%,価格検証の勝率が不足 66.7% / 価格検証の平均利益が不足 6.1% / 銀行業は財務構造が特殊なため原資料確認を優先,ランキング上位から外す。条件改善まで買い表示しない
3583,オーベクス,繊維製品,今回は見送り,106.71,1215,1694.84,5017.2,0.72,312.94,0.46,5.81,31.96,66.7,-2,-9,今買い候補,irbank:2026/03,低PBR 0.46倍 / 低PER 5.81倍 / ネット現金厚め 31.96% / 買いライン以下 0.72倍 / 上昇余地大 312.94%,価格検証の勝率が不足 66.7% / 価格検証の平均利益が不足 -2% / 過去検証の最大下落が大きい -9%,ランキング上位から外す。条件改善まで買い表示しない
7434,オータケ,卸売業,今回は見送り,113.46,1793,2192.5,6657.49,0.82,271.3,0.41,8.18,41.44,100,1.2,-0.3,今買い候補,irbank:2026/02,低PBR 0.41倍 / 低PER 8.18倍 / ネット現金厚め 41.44% / 買いライン以下 0.82倍 / 上昇余地大 271.3%,価格検証の平均利益が不足 1.2%,ランキング上位から外す。条件改善まで買い表示しない
4120,スガイ化学工業,化学,追加確認,97.11,2770,3529.9,9797.29,0.78,253.69,0.43,7.85,-12.48,100,11.7,-6.7,今買い候補,irbank:2026/03,低PBR 0.43倍 / 低PER 7.85倍 / 買いライン以下 0.78倍 / 上昇余地大 253.69% / 価格検証良好 勝率100%/平均11.7%,大きな自動除外理由なし,自動ランキングには反映。原資料チェックで信頼度を上げる
6276,シリウスビジョン,電気機器,追加確認,164.01,307,284.95,2677.92,1.08,772.29,0.69,2.75,66.39,100,27.9,0,買い場近い,confirmed,低PBR 0.69倍 / 低PER 2.75倍 / ネット現金厚め 66.39% / 上昇余地大 772.29% / 価格検証良好 勝率100%/平均27.9%,通常候補登録済みのため既存候補側で最終確認 / 買いラインへの余裕が小さい 1.08倍,自動ランキングには反映。原資料チェックで信頼度を上げる
7946,光陽社,その他製品,追加確認,119.69,356,350.1,1082.37,1.02,204.04,0.5,10.17,64.11,100,10.9,-3.3,買い場近い,irbank:2026/03,低PBR 0.5倍 / ネット現金厚め 64.11% / 上昇余地大 204.04% / 価格検証良好 勝率100%/平均10.9%,買いラインへの余裕が小さい 1.02倍,自動ランキングには反映。原資料チェックで信頼度を上げる
5974,中国工業,金属製品,追加確認,109.64,870,827.1,2794.94,1.05,221.26,0.48,10.52,-21.49,100,14.7,0,買い場近い,irbank:2026/03,低PBR 0.48倍 / 上昇余地大 221.26% / 価格検証良好 勝率100%/平均14.7%,買いラインへの余裕が小さい 1.05倍,自動ランキングには反映。原資料チェックで信頼度を上げる
4629,大伸化学,化学,追加確認,119.95,1852,1770.4,5818.83,1.05,214.19,0.49,10.46,101.35,100,15.5,0,買い場近い,irbank:2026/03,低PBR 0.49倍 / ネット現金厚め 101.35% / 上昇余地大 214.19% / 価格検証良好 勝率100%/平均15.5%,買いラインへの余裕が小さい 1.05倍,自動ランキングには反映。原資料チェックで信頼度を上げる
6964,サンコー,電気機器,追加確認,121.65,653,631.1,2815.64,1.03,331.19,0.35,10.35,84.91,100,17.6,-0.2,買い場近い,irbank:2026/03,低PBR 0.35倍 / ネット現金厚め 84.91% / 上昇余地大 331.19% / 価格検証良好 勝率100%/平均17.6%,買いラインへの余裕が小さい 1.03倍,自動ランキングには反映。原資料チェックで信頼度を上げる
5237,ノザワ,ガラス・土石製品,追加確認,111.75,1211,1179.28,3145.68,1.03,159.76,0.66,9.24,39.7,100,12.3,-1.5,買い場近い,irbank:2026/03,低PBR 0.66倍 / 低PER 9.24倍 / ネット現金厚め 39.7% / 上昇余地大 159.76% / 価格検証良好 勝率100%/平均12.3%,買いラインへの余裕が小さい 1.03倍,自動ランキングには反映。原資料チェックで信頼度を上げる
3892,岡山製紙,パルプ・紙,今回は見送り,115.37,1620,1507,4861.54,1.08,200.1,0.51,10.75,67.67,60,6.4,-6.1,買い場近い,confirmed,低PBR 0.51倍 / ネット現金厚め 67.67% / 上昇余地大 200.1%,価格検証の勝率が不足 60% / 価格検証の平均利益が不足 6.4% / 通常候補登録済みのため既存候補側で最終確認 / 買いラインへの余裕が小さい 1.08倍,ランキング上位から外す。条件改善まで買い表示しない
7871,フクビ化学工業,化学,今回は見送り,112.15,922,849.5,3084.74,1.09,234.57,0.46,10.85,72.11,66.7,3.2,-8.3,買い場近い,irbank:2026/03,低PBR 0.46倍 / ネット現金厚め 72.11% / 上昇余地大 234.57%,価格検証の勝率が不足 66.7% / 価格検証の平均利益が不足 3.2% / 過去検証の最大下落が大きい -8.3% / 買いラインへの余裕が小さい 1.09倍,ランキング上位から外す。条件改善まで買い表示しない
3375,ＺＯＡ,小売業,追加確認,111.92,1660,1620.59,6484.32,1.02,290.62,0.66,6.14,9.75,100,16.4,-2,買い場近い,irbank:2026/03,低PBR 0.66倍 / 低PER 6.14倍 / 上昇余地大 290.62% / 価格検証良好 勝率100%/平均16.4%,買いラインへの余裕が小さい 1.02倍,自動ランキングには反映。原資料チェックで信頼度を上げる
2915,ケンコーマヨネーズ,食料品,追加確認,95.68,2024,1847.53,4734,1.1,133.89,0.7,10.26,34.98,100,11.5,-0.6,買い場近い,irbank:2026/03,低PBR 0.7倍 / ネット現金厚め 34.98% / 上昇余地大 133.89% / 価格検証良好 勝率100%/平均11.5%,買いラインへの余裕が小さい 1.1倍,自動ランキングには反映。原資料チェックで信頼度を上げる
9537,北陸瓦斯,電気・ガス業,追加確認,101.87,4000,3922.5,17564.05,1.02,339.1,0.35,10.2,26.12,100,14.2,-2.2,買い場近い,irbank:2026/03,低PBR 0.35倍 / ネット現金厚め 26.12% / 上昇余地大 339.1% / 価格検証良好 勝率100%/平均14.2%,電気・ガス業は財務構造が特殊なため原資料確認を優先 / 買いラインへの余裕が小さい 1.02倍,自動ランキングには反映。原資料チェックで信頼度を上げる
4247,ポバール興業,化学,追加確認,105.28,1260,1169.1,3500.75,1.08,177.84,0.55,10.78,28.28,100,9,-3.8,買い場近い,irbank:2026/03,低PBR 0.55倍 / ネット現金厚め 28.28% / 上昇余地大 177.84% / 価格検証良好 勝率100%/平均9%,買いラインへの余裕が小さい 1.08倍,自動ランキングには反映。原資料チェックで信頼度を上げる
8713,フィデアホールディングス,銀行業,追加確認,100.03,1910,1771.9,7262.04,1.08,280.21,0.4,10.78,1247.55,100,13.5,-3.5,買い場近い,irbank:2026/03,低PBR 0.4倍 / ネット現金厚め 1247.55% / 上昇余地大 280.21% / 価格検証良好 勝率100%/平均13.5%,銀行業は財務構造が特殊なため原資料確認を優先 / 買いラインへの余裕が小さい 1.08倍,自動ランキングには反映。原資料チェックで信頼度を上げる
8364,清水銀行,銀行業,追加確認,98.36,2350,2208.7,10709.97,1.06,355.74,0.34,10.64,826.05,100,13.9,-5.7,買い場近い,irbank:2026/03,低PBR 0.34倍 / ネット現金厚め 826.05% / 上昇余地大 355.74% / 価格検証良好 勝率100%/平均13.9%,銀行業は財務構造が特殊なため原資料確認を優先 / 買いラインへの余裕が小さい 1.06倍,自動ランキングには反映。原資料チェックで信頼度を上げる
2666,オートウェーブ,小売業,追加確認,89.55,170,166.8,480.42,1.02,182.6,0.54,10.19,-25.01,100,11.5,-3.7,買い場近い,irbank:2026/03,低PBR 0.54倍 / 上昇余地大 182.6% / 価格検証良好 勝率100%/平均11.5%,買いラインへの余裕が小さい 1.02倍,自動ランキングには反映。原資料チェックで信頼度を上げる
5603,虹技,鉄鋼,今回は見送り,93.74,1247,1218.7,7233.98,1.02,480.11,0.26,10.23,-129.61,66.7,9.4,-6.1,買い場近い,irbank:2026/03,低PBR 0.26倍 / 上昇余地大 480.11%,価格検証の勝率が不足 66.7% / ネット有利子負債が重い -129.61% / 買いラインへの余裕が小さい 1.02倍,ランキング上位から外す。条件改善まで買い表示しない
9990,サックスバー　ホールディングス,小売業,今回は見送り,97.65,737,680.4,1744.56,1.08,136.71,0.69,10.14,20.81,100,5.9,-0.1,買い場近い,irbank:2026/03,低PBR 0.69倍 / ネット現金厚め 20.81% / 上昇余地大 136.71%,価格検証の平均利益が不足 5.9% / 買いラインへの余裕が小さい 1.08倍,ランキング上位から外す。条件改善まで買い表示しない
8550,栃木銀行,銀行業,追加確認,80.81,915,864.3,2398.5,1.06,162.13,0.58,10.59,479.48,80,10.2,-7.5,買い場近い,irbank:2026/03,低PBR 0.58倍 / ネット現金厚め 479.48% / 上昇余地大 162.13% / 価格検証良好 勝率80%/平均10.2%,銀行業は財務構造が特殊なため原資料確認を優先 / 買いラインへの余裕が小さい 1.06倍,自動ランキングには反映。原資料チェックで信頼度を上げる
6445,ジャノメ,機械,追加確認,96.05,1285,1190.9,3156.68,1.08,145.66,0.62,10.79,24.7,100,18.8,0,買い場近い,irbank:2026/03,低PBR 0.62倍 / ネット現金厚め 24.7% / 上昇余地大 145.66% / 価格検証良好 勝率100%/平均18.8%,買いラインへの余裕が小さい 1.08倍,自動ランキングには反映。原資料チェックで信頼度を上げる
5986,モリテック　スチール,金属製品,追加確認,93.58,227,223.2,1102.26,1.02,385.58,0.32,10.17,-0.28,100,20.8,-5.6,買い場近い,irbank:2026/03,低PBR 0.32倍 / 上昇余地大 385.58% / 価格検証良好 勝率100%/平均20.8%,買いラインへの余裕が小さい 1.02倍,自動ランキングには反映。原資料チェックで信頼度を上げる
4365,松本油脂製薬,化学,今回は見送り,108.8,20600,19684.62,66485.04,1.05,222.74,0.67,7.44,55.83,100,2,0,買い場近い,irbank:2026/03,低PBR 0.67倍 / 低PER 7.44倍 / ネット現金厚め 55.83% / 上昇余地大 222.74%,価格検証の平均利益が不足 2% / 買いラインへの余裕が小さい 1.05倍,ランキング上位から外す。条件改善まで買い表示しない
9867,ソレキア,卸売業,今回は見送り,101.09,10190,9498,38617.44,1.07,278.97,0.69,6.33,97.5,66.7,5.6,-10.7,買い場近い,irbank:2026/03,低PBR 0.69倍 / 低PER 6.33倍 / ネット現金厚め 97.5% / 上昇余地大 278.97%,価格検証の勝率が不足 66.7% / 価格検証の平均利益が不足 5.6% / 過去検証の最大下落が大きい -10.7% / 買いラインへの余裕が小さい 1.07倍,ランキング上位から外す。条件改善まで買い表示しない
1758,太洋基礎工業,建設業,今回は見送り,93.76,2400,2379.8,7411.9,1.01,208.83,0.5,10.08,74.04,20,-1.5,-6.6,買い場近い,irbank:2026/04,低PBR 0.5倍 / ネット現金厚め 74.04% / 上昇余地大 208.83%,価格検証の勝率が不足 20% / 価格検証の平均利益が不足 -1.5% / 買いラインへの余裕が小さい 1.01倍,ランキング上位から外す。条件改善まで買い表示しない
7417,南陽,卸売業,今回は見送り,104.31,1470,1436.74,4409.52,1.02,199.97,0.65,8,52.85,100,1.2,-1.9,買い場近い,irbank:2026/03,低PBR 0.65倍 / 低PER 8倍 / ネット現金厚め 52.85% / 上昇余地大 199.97%,価格検証の平均利益が不足 1.2% / 買いラインへの余裕が小さい 1.02倍,ランキング上位から外す。条件改善まで買い表示しない
7603,ジーイエット,小売業,今回は見送り,103.34,48,44.9,301.2,1.07,527.5,0.68,3.82,69.63,50,11.6,-8.1,買い場近い,irbank:2026/02,低PBR 0.68倍 / 低PER 3.82倍 / ネット現金厚め 69.63% / 上昇余地大 527.5%,価格検証の勝率が不足 50% / 過去検証の最大下落が大きい -8.1% / 買いラインへの余裕が小さい 1.07倍,ランキング上位から外す。条件改善まで買い表示しない
7297,カーメイト,輸送用機器,今回は見送り,97.74,842,806.6,3297.55,1.04,291.63,0.39,10.44,130.58,50,1.4,-4.2,買い場近い,irbank:2026/03,低PBR 0.39倍 / ネット現金厚め 130.58% / 上昇余地大 291.63%,価格検証の勝率が不足 50% / 価格検証の平均利益が不足 1.4% / 買いラインへの余裕が小さい 1.04倍,ランキング上位から外す。条件改善まで買い表示しない
7239,タチエス,輸送用機器,今回は見送り,93.12,2150,1955.78,6013.92,1.1,179.72,0.7,8.58,54.39,75,2.2,-7.2,買い場近い,irbank:2026/03,低PBR 0.7倍 / 低PER 8.58倍 / ネット現金厚め 54.39% / 上昇余地大 179.72%,価格検証の勝率が不足 75% / 価格検証の平均利益が不足 2.2% / 買いラインへの余裕が小さい 1.1倍,ランキング上位から外す。条件改善まで買い表示しない
8119,三栄コーポレーション,卸売業,今回は見送り,92.84,755,736.4,2364.02,1.03,213.12,0.49,10.25,60.86,33.3,0.4,-8.6,買い場近い,irbank:2026/03,低PBR 0.49倍 / ネット現金厚め 60.86% / 上昇余地大 213.12%,価格検証の勝率が不足 33.3% / 価格検証の平均利益が不足 0.4% / 過去検証の最大下落が大きい -8.6% / 買いラインへの余裕が小さい 1.03倍,ランキング上位から外す。条件改善まで買い表示しない
8747,豊トラスティ証券,証券、商品先物取引業,今回は見送り,93.12,2078,2045.47,18698.64,1.02,799.84,0.65,2.67,90.1,75,9,-6.3,買い場近い,irbank:2026/03,低PBR 0.65倍 / 低PER 2.67倍 / ネット現金厚め 90.1% / 上昇余地大 799.84%,価格検証の勝率が不足 75% / 買いラインへの余裕が小さい 1.02倍,ランキング上位から外す。条件改善まで買い表示しない
6150,タケダ機械,機械,追加確認,91.71,2680,2501.9,8867.67,1.07,230.88,0.46,10.71,-12.74,100,13,0,買い場近い,irbank:2026/02,低PBR 0.46倍 / 上昇余地大 230.88% / 価格検証良好 勝率100%/平均13%,買いラインへの余裕が小さい 1.07倍,自動ランキングには反映。原資料チェックで信頼度を上げる
