rank,code,name,market,sector,status,normalCandidate,autoBuyScore,rankingScore,multibaggerScore,multibaggerLabel,multibaggerReasons,doubleTag,doubleTargetPrice,doubleTimeframe,doubleComment,price,buyLine,targetPrice,sellGuidePrice,buyRatio,upside,pbr,per,netCashRatio,winRate,averageReturn,maxDrawdown,trades,priceScore,latestSignal,periodReturn,signal,judgement,metricSource,action,comment,caution
1,6276,シリウスビジョン,スタンダード（内国株式）,電気機器,自動買い場近い,通常候補登録済み,164.01,231.01,67,2倍期待強,上昇中押し目 / 広域検証良好 / 価格スコア104.8 / 勝率100%/平均27.9% / 下落浅め0% / ネット現金50%以上 / 低PBR+低PER,2倍候補,614,早ければ2〜4か月、通常は6〜12か月目安,過去の強い上昇中押し目では短期2倍化が出ています。出来高と材料継続が前提です,307,284.95,2677.92,368.4,1.08,772.29,0.69,2.75,66.39,100,27.9,0,2,104.8,上昇中押し目,7.7,買い場近い,良さそう,confirmed,通常候補として自動ランキング反映,買い場近い。自動取得財務と月次シグナルで条件内です。2倍候補: 早ければ2〜4か月、通常は6〜12か月目安。2倍期待強: 上昇中押し目 / 広域検証良好 / 価格スコア104.8 / 勝率100%/平均27.9% / 下落浅め0% / ネット現金50%以上 / 低PBR+低PER,自動取得財務で判定。原資料チェック推奨
2,8338,筑波銀行,プライム（内国株式）,銀行業,自動今買い候補,通常候補前,138.35,204.35,66,2倍期待強,上昇中押し目 / 広域検証良好 / 価格スコア82.2 / 検証5回 / 勝率100%/平均13.6% / 下落浅め-2.5% / 低PBR+低PER / 特殊業種は財務指標を割引,2倍候補,1254,6〜12か月目安,2倍条件は強いですが、短期化には出来高増加と材料が必要です,627,813,1965.18,1016.25,0.77,213.43,0.49,7.71,312.22,100,13.6,-2.5,5,82.2,上昇中押し目,171.4,今買い候補,良さそう,irbank:2026/03,自動取得財務でランキング反映。原資料チェックで精度を上げる,今買い候補。自動取得財務と月次シグナルで条件内です。2倍候補: 6〜12か月目安。2倍期待強: 上昇中押し目 / 広域検証良好 / 価格スコア82.2 / 検証5回 / 勝率100%/平均13.6% / 下落浅め-2.5% / 低PBR+低PER / 特殊業種は財務指標を割引,自動取得財務で判定。原資料チェック推奨
3,7261,マツダ,プライム（内国株式）,輸送用機器,自動今買い候補,通常候補前,147.55,196.55,49,2倍期待強,広域検証良好 / 価格スコア67.5 / 勝率100%/平均13.3% / 下落浅め-0.2% / ネット現金50%以上 / 低PBR+低PER,2倍候補,2198,6〜12か月目安,2倍条件は強いですが、短期化には出来高増加と材料が必要です,1099,1426.8,4622.07,1783.5,0.77,320.57,0.36,7.7,65.6,100,13.3,-0.2,2,67.5,待ち,25.6,今買い候補,良さそう,irbank:2026/03,自動取得財務でランキング反映。原資料チェックで精度を上げる,今買い候補。自動取得財務と月次シグナルで条件内です。2倍候補: 6〜12か月目安。2倍期待強: 広域検証良好 / 価格スコア67.5 / 勝率100%/平均13.3% / 下落浅め-0.2% / ネット現金50%以上 / 低PBR+低PER,自動取得財務で判定。原資料チェック推奨
4,6497,ハマイ,スタンダード（内国株式）,機械,自動今買い候補,通常候補前,133.48,195.48,62,2倍期待強,上昇中押し目 / 広域検証良好 / 価格スコア64.7 / 勝率100%/平均10.6% / 下落浅め-4.5% / 低PBR+低PER,2倍候補,2668,6〜12か月目安,2倍条件は強いですが、短期化には出来高増加と材料が必要です,1334,1462.3,3969.02,1827.88,0.91,197.53,0.51,9.12,48.88,100,10.6,-4.5,2,64.7,上昇中押し目,21.5,今買い候補,良さそう,irbank:2026/03,自動取得財務でランキング反映。原資料チェックで精度を上げる,今買い候補。自動取得財務と月次シグナルで条件内です。2倍候補: 6〜12か月目安。2倍期待強: 上昇中押し目 / 広域検証良好 / 価格スコア64.7 / 勝率100%/平均10.6% / 下落浅め-4.5% / 低PBR+低PER,自動取得財務で判定。原資料チェック推奨
5,7266,今仙電機製作所,スタンダード（内国株式）,輸送用機器,自動今買い候補,通常候補前,140.75,189.75,49,2倍期待強,広域検証良好 / 価格スコア61 / 勝率100%/平均12.1% / 下落浅め-3.5% / ネット現金50%以上 / 低PBR+低PER,2倍候補,1806,6〜12か月目安,2倍条件は強いですが、短期化には出来高増加と材料が必要です,903,1082.8,4015.45,1353.5,0.83,344.68,0.34,8.34,64.79,100,12.1,-3.5,2,61,待ち,32.6,今買い候補,良さそう,irbank:2026/03,自動取得財務でランキング反映。原資料チェックで精度を上げる,今買い候補。自動取得財務と月次シグナルで条件内です。2倍候補: 6〜12か月目安。2倍期待強: 広域検証良好 / 価格スコア61 / 勝率100%/平均12.1% / 下落浅め-3.5% / ネット現金50%以上 / 低PBR+低PER,自動取得財務で判定。原資料チェック推奨
6,7446,東北化学薬品,スタンダード（内国株式）,卸売業,自動今買い候補,通常候補前,134.92,184.92,50,2倍期待強,上昇中押し目 / 価格スコア62.1 / 勝率100%/平均17.8% / 下落浅め-1.3% / 低PBR+低PER,2倍候補,9250,6〜12か月目安,2倍条件は強いですが、短期化には出来高増加と材料が必要です,4625,4773,14334.92,5966.25,0.97,209.94,0.49,9.69,14.14,100,17.8,-1.3,1,62.1,上昇中押し目,20.1,今買い候補,中立,irbank:2026/03,自動取得財務でランキング反映。原資料チェックで精度を上げる,今買い候補。自動取得財務と月次シグナルで条件内です。2倍候補: 6〜12か月目安。2倍期待強: 上昇中押し目 / 価格スコア62.1 / 勝率100%/平均17.8% / 下落浅め-1.3% / 低PBR+低PER,自動取得財務で判定。原資料チェック推奨
7,8152,ソマール,スタンダード（内国株式）,卸売業,自動今買い候補,通常候補前,130.21,180.21,50,2倍期待強,上昇中押し目 / 価格スコア63.1 / 勝率100%/平均18% / 下落浅め-0.7% / 低PBR+低PER,2倍候補,14100,6〜12か月目安,2倍条件は強いですが、短期化には出来高増加と材料が必要です,7050,7377,31086.96,9221.25,0.96,340.95,0.61,5.44,37.74,100,18,-0.7,1,63.1,上昇中押し目,25.9,今買い候補,中立,irbank:2026/03,自動取得財務でランキング反映。原資料チェックで精度を上げる,今買い候補。自動取得財務と月次シグナルで条件内です。2倍候補: 6〜12か月目安。2倍期待強: 上昇中押し目 / 価格スコア63.1 / 勝率100%/平均18% / 下落浅め-0.7% / 低PBR+低PER,自動取得財務で判定。原資料チェック推奨
8,8147,トミタ,スタンダード（内国株式）,卸売業,自動今買い候補,通常候補前,128.07,180.07,52,2倍期待強,広域検証良好 / 価格スコア62.4 / 勝率100%/平均11.3% / 下落浅め-1% / ネット現金100%以上 / 低PBR+低PER,2倍候補,2556,6〜12か月目安,2倍条件は強いですが、短期化には出来高増加と材料が必要です,1278,1310.9,3812.7,1638.63,0.97,198.33,0.51,9.75,100.36,100,11.3,-1,2,62.4,待ち,3.6,今買い候補,良さそう,irbank:2026/03,自動取得財務でランキング反映。原資料チェックで精度を上げる,今買い候補。自動取得財務と月次シグナルで条件内です。2倍候補: 6〜12か月目安。2倍期待強: 広域検証良好 / 価格スコア62.4 / 勝率100%/平均11.3% / 下落浅め-1% / ネット現金100%以上 / 低PBR+低PER,自動取得財務で判定。原資料チェック推奨
9,1443,技研ホールディングス,スタンダード（内国株式）,建設業,自動今買い候補,通常候補登録済み,132.52,176.52,44,2倍期待あり,広域検証良好 / 価格スコア68.6 / 勝率100%/平均13.8% / 下落浅め0% / 低PBR+低PER,2倍監視,488,9〜18か月目安,2倍要素はあります。まず第一利確とPBR平均到達を確認します,244,394.2,1217.9,492.75,0.62,399.14,0.31,6.19,-36.94,100,13.8,0,2,68.6,待ち,29.1,今買い候補,良さそう,irbank:2026/03,通常候補として自動ランキング反映,今買い候補。自動取得財務と月次シグナルで条件内です。2倍監視: 9〜18か月目安。2倍期待あり: 広域検証良好 / 価格スコア68.6 / 勝率100%/平均13.8% / 下落浅め0% / 低PBR+低PER,自動取得財務で判定。原資料チェック推奨
10,3352,バッファロー,スタンダード（内国株式）,小売業,自動今買い候補,通常候補前,127.21,176.21,49,2倍期待強,広域検証良好 / 価格スコア57.7 / 勝率100%/平均10% / 下落浅め-2.8% / ネット現金50%以上 / 低PBR+低PER,2倍候補,3316,6〜12か月目安,2倍条件は強いですが、短期化には出来高増加と材料が必要です,1658,1774.92,4967.04,2218.65,0.93,199.58,0.6,8.01,76.75,100,10,-2.8,2,57.7,待ち,24.1,今買い候補,良さそう,irbank:2026/03,自動取得財務でランキング反映。原資料チェックで精度を上げる,今買い候補。自動取得財務と月次シグナルで条件内です。2倍候補: 6〜12か月目安。2倍期待強: 広域検証良好 / 価格スコア57.7 / 勝率100%/平均10% / 下落浅め-2.8% / ネット現金50%以上 / 低PBR+低PER,自動取得財務で判定。原資料チェック推奨
11,5697,サンユウ,スタンダード（内国株式）,鉄鋼,自動今買い候補,通常候補前,138.75,175.75,37,2倍期待あり,価格スコア57.5 / 勝率100%/平均13.8% / 下落浅め-0.2% / ネット現金50%以上 / 低PBR+低PER,2倍監視,1392,9〜18か月目安,2倍要素はあります。まず第一利確とPBR平均到達を確認します,696,1025.7,2616.68,1282.12,0.68,275.96,0.41,6.79,80.52,100,13.8,-0.2,1,57.5,安値反転候補,36.7,今買い候補,中立,irbank:2026/03,自動取得財務でランキング反映。原資料チェックで精度を上げる,今買い候補。自動取得財務と月次シグナルで条件内です。2倍監視: 9〜18か月目安。2倍期待あり: 価格スコア57.5 / 勝率100%/平均13.8% / 下落浅め-0.2% / ネット現金50%以上 / 低PBR+低PER,自動取得財務で判定。原資料チェック推奨
12,4410,ハリマ化成グループ,プライム（内国株式）,化学,財務注意つき自動今買い,通常候補前,111.14,173.14,62,2倍期待強,上昇中押し目 / 広域検証良好 / 価格スコア83.3 / 勝率100%/平均20.6% / 下落浅め-5.8% / 低PBR+低PER,2倍候補,2094,6〜12か月目安,2倍条件は強いですが、短期化には出来高増加と材料が必要です,1047,1074.09,2616.24,1342.62,0.97,149.88,0.62,9.6,-122.03,100,20.6,-5.8,2,83.3,上昇中押し目,32.4,今買い候補,良さそう,irbank:2026/03,自動取得財務でランキング反映。原資料チェックで精度を上げる,今買い候補。自動取得財務と月次シグナルで条件内です。2倍候補: 6〜12か月目安。2倍期待強: 上昇中押し目 / 広域検証良好 / 価格スコア83.3 / 勝率100%/平均20.6% / 下落浅め-5.8% / 低PBR+低PER,ネット有利子負債が重め。負債と利益継続性を確認
13,5363,東京窯業,スタンダード（内国株式）,ガラス・土石製品,自動今買い候補,通常候補前,126.83,170.83,44,2倍期待あり,広域検証良好 / 価格スコア73.3 / 勝率100%/平均16.4% / 下落浅め-0.4% / 低PBR+低PER,2倍監視,1348,9〜18か月目安,2倍要素はあります。まず第一利確とPBR平均到達を確認します,674,679.5,2446.8,849.38,0.99,263.03,0.63,6.61,31.95,100,16.4,-0.4,2,73.3,待ち,19.1,今買い候補,良さそう,irbank:2026/03,自動取得財務でランキング反映。原資料チェックで精度を上げる,今買い候補。自動取得財務と月次シグナルで条件内です。2倍監視: 9〜18か月目安。2倍期待あり: 広域検証良好 / 価格スコア73.3 / 勝率100%/平均16.4% / 下落浅め-0.4% / 低PBR+低PER,自動取得財務で判定。原資料チェック推奨
14,4231,タイガースポリマー,スタンダード（内国株式）,化学,自動今買い候補,通常候補前,133.63,170.63,37,2倍期待あり,価格スコア56.2 / 勝率100%/平均13.1% / 下落浅め0% / ネット現金50%以上 / 低PBR+低PER,2倍監視,1940,9〜18か月目安,2倍要素はあります。まず第一利確とPBR平均到達を確認します,970,1228.4,3680.38,1535.5,0.79,279.42,0.4,7.9,62.01,100,13.1,0,1,56.2,安値反転候補,20.8,今買い候補,中立,irbank:2026/03,自動取得財務でランキング反映。原資料チェックで精度を上げる,今買い候補。自動取得財務と月次シグナルで条件内です。2倍監視: 9〜18か月目安。2倍期待あり: 価格スコア56.2 / 勝率100%/平均13.1% / 下落浅め0% / ネット現金50%以上 / 低PBR+低PER,自動取得財務で判定。原資料チェック推奨
15,9767,日建工学,スタンダード（内国株式）,サービス業,自動今買い候補,通常候補前,131.91,168.91,37,2倍期待あり,広域検証良好 / 価格スコア58.3 / 下落浅め-1.8% / ネット現金50%以上 / 低PBR+低PER,2倍監視,3010,9〜18か月目安,2倍要素はあります。まず第一利確とPBR平均到達を確認します,1505,1730.6,4609.68,2163.25,0.87,206.29,0.56,7.84,89.42,100,9.7,-1.8,2,58.3,待ち,7.5,今買い候補,良さそう,irbank:2026/03,自動取得財務でランキング反映。原資料チェックで精度を上げる,今買い候補。自動取得財務と月次シグナルで条件内です。2倍監視: 9〜18か月目安。2倍期待あり: 広域検証良好 / 価格スコア58.3 / 下落浅め-1.8% / ネット現金50%以上 / 低PBR+低PER,自動取得財務で判定。原資料チェック推奨
16,7946,光陽社,スタンダード（内国株式）,その他製品,自動買い場近い,通常候補前,119.69,168.69,49,2倍期待強,広域検証良好 / 価格スコア58.9 / 勝率100%/平均10.9% / 下落浅め-3.3% / ネット現金50%以上 / 低PBR+低PER,2倍候補,712,6〜12か月目安,2倍条件は強いですが、短期化には出来高増加と材料が必要です,356,350.1,1082.37,437.62,1.02,204.04,0.5,10.17,64.11,100,10.9,-3.3,2,58.9,待ち,-72.8,買い場近い,良さそう,irbank:2026/03,自動取得財務でランキング反映。原資料チェックで精度を上げる,買い場近い。自動取得財務と月次シグナルで条件内です。2倍候補: 6〜12か月目安。2倍期待強: 広域検証良好 / 価格スコア58.9 / 勝率100%/平均10.9% / 下落浅め-3.3% / ネット現金50%以上 / 低PBR+低PER,自動取得財務で判定。原資料チェック推奨
17,4224,ロンシール工業,スタンダード（内国株式）,化学,自動今買い候補,通常候補前,130.57,167.58,37,2倍期待あり,価格スコア57.9 / 勝率100%/平均14.5% / 下落浅め-0.9% / ネット現金50%以上 / 低PBR+低PER,2倍監視,3976,9〜18か月目安,2倍要素はあります。まず第一利確とPBR平均到達を確認します,1988,2278.6,6547.08,2848.25,0.87,229.33,0.46,8.72,73.21,100,14.5,-0.9,1,57.9,安値反転候補,28,今買い候補,中立,irbank:2026/03,自動取得財務でランキング反映。原資料チェックで精度を上げる,今買い候補。自動取得財務と月次シグナルで条件内です。2倍監視: 9〜18か月目安。2倍期待あり: 価格スコア57.9 / 勝率100%/平均14.5% / 下落浅め-0.9% / ネット現金50%以上 / 低PBR+低PER,自動取得財務で判定。原資料チェック推奨
18,7208,カネミツ,スタンダード（内国株式）,輸送用機器,自動今買い候補,通常候補前,131.2,165.2,34,2倍期待あり,広域検証良好 / 検証3回 / 下落浅め-6% / ネット現金50%以上 / 低PBR+低PER,2倍監視,2432,9〜18か月目安,2倍要素はあります。まず第一利確とPBR平均到達を確認します,1216,1329.9,3744.45,1662.38,0.91,207.93,0.5,9.14,52.9,100,5.7,-6,3,48.3,待ち,43.2,今買い候補,良さそう,irbank:2026/03,自動取得財務でランキング反映。原資料チェックで精度を上げる,今買い候補。自動取得財務と月次シグナルで条件内です。2倍監視: 9〜18か月目安。2倍期待あり: 広域検証良好 / 検証3回 / 下落浅め-6% / ネット現金50%以上 / 低PBR+低PER,自動取得財務で判定。原資料チェック推奨
19,8046,丸藤シートパイル,スタンダード（内国株式）,卸売業,自動今買い候補,通常候補前,124.79,163.79,39,2倍期待あり,広域検証良好 / 価格スコア51.4 / 検証3回 / 下落浅め-3.5% / 低PBR+低PER,2倍監視,1684,9〜18か月目安,2倍要素はあります。まず第一利確とPBR平均到達を確認します,842,1014.9,2904.58,1268.63,0.83,244.96,0.44,8.3,26.72,66.7,6.6,-3.5,3,51.4,安値反転候補,39.4,今買い候補,良さそう,irbank:2026/03,自動取得財務でランキング反映。原資料チェックで精度を上げる,今買い候補。自動取得財務と月次シグナルで条件内です。2倍監視: 9〜18か月目安。2倍期待あり: 広域検証良好 / 価格スコア51.4 / 検証3回 / 下落浅め-3.5% / 低PBR+低PER,自動取得財務で判定。原資料チェック推奨
20,1897,金下建設,スタンダード（内国株式）,建設業,自動今買い候補,通常候補登録済み,133.31,163.31,30,2倍期待あり,勝率100%/平均15.3% / 下落浅め-1.7% / ネット現金100%以上 / 低PBR+低PER,2倍監視,6150,9〜18か月目安,2倍要素はあります。まず第一利確とPBR平均到達を確認します,3075,3500,9945,4375,0.88,223.41,0.47,8.79,212.56,100,15.3,-1.7,1,48.6,待ち,13.8,今買い候補,中立,confirmed,通常候補として自動ランキング反映,今買い候補。自動取得財務と月次シグナルで条件内です。2倍監視: 9〜18か月目安。2倍期待あり: 勝率100%/平均15.3% / 下落浅め-1.7% / ネット現金100%以上 / 低PBR+低PER,自動取得財務で判定。原資料チェック推奨
21,4119,日本ピグメントホールディングス,スタンダード（内国株式）,化学,自動今買い候補,通常候補前,130.83,162.83,32,2倍期待あり,価格スコア50.2 / 勝率100%/平均15.4% / 下落浅め-0.4% / 低PBR+低PER,2倍監視,11300,9〜18か月目安,2倍要素はあります。まず第一利確とPBR平均到達を確認します,5650,8282.9,21824.76,10353.63,0.68,286.28,0.4,6.82,8.15,100,15.4,-0.4,1,50.2,待ち,69.4,今買い候補,中立,irbank:2026/03,自動取得財務でランキング反映。原資料チェックで精度を上げる,今買い候補。自動取得財務と月次シグナルで条件内です。2倍監視: 9〜18か月目安。2倍期待あり: 価格スコア50.2 / 勝率100%/平均15.4% / 下落浅め-0.4% / 低PBR+低PER,自動取得財務で判定。原資料チェック推奨
22,8416,高知銀行,スタンダード（内国株式）,銀行業,自動今買い候補,通常候補前,123.57,162.57,39,2倍期待あり,上昇中押し目 / 広域検証良好 / 検証3回 / 下落浅め-6.6% / 低PBR+低PER / 特殊業種は財務指標を割引,2倍監視,2474,9〜18か月目安,2倍要素はあります。まず第一利確とPBR平均到達を確認します,1237,2012,6926.02,2515,0.61,459.9,0.27,6.15,724.52,66.7,6.4,-6.6,3,45.2,上昇中押し目,65.6,今買い候補,良さそう,irbank:2026/03,自動取得財務でランキング反映。原資料チェックで精度を上げる,今買い候補。自動取得財務と月次シグナルで条件内です。2倍監視: 9〜18か月目安。2倍期待あり: 上昇中押し目 / 広域検証良好 / 検証3回 / 下落浅め-6.6% / 低PBR+低PER / 特殊業種は財務指標を割引,自動取得財務で判定。原資料チェック推奨
23,6743,大同信号,スタンダード（内国株式）,電気機器,自動今買い候補,通常候補前,118.54,162.54,44,2倍期待あり,広域検証良好 / 価格スコア60.7 / 勝率100%/平均13.9% / 下落浅め-6.8% / 低PBR+低PER,2倍監視,1592,9〜18か月目安,2倍要素はあります。まず第一利確とPBR平均到達を確認します,796,1121.24,2871.84,1401.54,0.71,260.78,0.45,6.65,-13.54,100,13.9,-6.8,2,60.7,待ち,55.8,今買い候補,良さそう,irbank:2026/03,自動取得財務でランキング反映。原資料チェックで精度を上げる,今買い候補。自動取得財務と月次シグナルで条件内です。2倍監視: 9〜18か月目安。2倍期待あり: 広域検証良好 / 価格スコア60.7 / 勝率100%/平均13.9% / 下落浅め-6.8% / 低PBR+低PER,自動取得財務で判定。原資料チェック推奨
24,4242,タカギセイコー,スタンダード（内国株式）,化学,自動今買い候補,通常候補前,118.51,162.51,44,2倍期待あり,広域検証良好 / 価格スコア61.6 / 勝率100%/平均10.8% / 下落浅め-0.7% / 低PBR+低PER,2倍監視,3444,9〜18か月目安,2倍要素はあります。まず第一利確とPBR平均到達を確認します,1722,2215.1,6907.71,2768.88,0.78,301.14,0.38,7.77,-46.94,100,10.8,-0.7,2,61.6,待ち,30.7,今買い候補,良さそう,irbank:2026/03,自動取得財務でランキング反映。原資料チェックで精度を上げる,今買い候補。自動取得財務と月次シグナルで条件内です。2倍監視: 9〜18か月目安。2倍期待あり: 広域検証良好 / 価格スコア61.6 / 勝率100%/平均10.8% / 下落浅め-0.7% / 低PBR+低PER,自動取得財務で判定。原資料チェック推奨
25,9980,ＭＲＫホールディングス,スタンダード（内国株式）,小売業,自動今買い候補,通常候補前,128.7,160.7,32,2倍期待あり,価格スコア78.5 / 勝率100%/平均29.3% / 下落浅め0% / 低PBR+低PER,2倍監視,182,9〜18か月目安,2倍要素はあります。まず第一利確とPBR平均到達を確認します,91,101.48,323.28,126.85,0.9,255.25,0.57,6.76,23.05,100,29.3,0,1,78.5,待ち,7.1,今買い候補,中立,irbank:2026/03,自動取得財務でランキング反映。原資料チェックで精度を上げる,今買い候補。自動取得財務と月次シグナルで条件内です。2倍監視: 9〜18か月目安。2倍期待あり: 価格スコア78.5 / 勝率100%/平均29.3% / 下落浅め0% / 低PBR+低PER,自動取得財務で判定。原資料チェック推奨
26,5974,中国工業,スタンダード（内国株式）,金属製品,自動買い場近い,通常候補前,109.64,160.64,51,2倍期待強,広域検証良好 / 価格スコア73.5 / 検証3回 / 勝率100%/平均14.7% / 下落浅め0% / 低PBR+低PER,2倍候補,1740,6〜12か月目安,2倍条件は強いですが、短期化には出来高増加と材料が必要です,870,827.1,2794.94,1044,1.05,221.26,0.48,10.52,-21.49,100,14.7,0,3,73.5,待ち,59.9,買い場近い,良さそう,irbank:2026/03,自動取得財務でランキング反映。原資料チェックで精度を上げる,買い場近い。自動取得財務と月次シグナルで条件内です。2倍候補: 6〜12か月目安。2倍期待強: 広域検証良好 / 価格スコア73.5 / 検証3回 / 勝率100%/平均14.7% / 下落浅め0% / 低PBR+低PER,自動取得財務で判定。原資料チェック推奨
27,1867,植木組,スタンダード（内国株式）,建設業,自動今買い候補,通常候補前,115.97,159.97,44,2倍期待あり,広域検証良好 / 価格スコア57.3 / 勝率100%/平均10% / 下落浅め-3% / 低PBR+低PER,2倍監視,4760,9〜18か月目安,2倍要素はあります。まず第一利確とPBR平均到達を確認します,2380,3088.99,7847.76,3861.24,0.77,229.74,0.49,7.28,-21.15,100,10,-3,2,57.3,待ち,18.6,今買い候補,良さそう,irbank:2026/03,自動取得財務でランキング反映。原資料チェックで精度を上げる,今買い候補。自動取得財務と月次シグナルで条件内です。2倍監視: 9〜18か月目安。2倍期待あり: 広域検証良好 / 価格スコア57.3 / 勝率100%/平均10% / 下落浅め-3% / 低PBR+低PER,自動取得財務で判定。原資料チェック推奨
28,4629,大伸化学,スタンダード（内国株式）,化学,自動買い場近い,通常候補前,119.95,159.95,40,2倍期待あり,価格スコア51 / 勝率100%/平均15.5% / 下落浅め0% / ネット現金100%以上 / 低PBR+低PER,2倍監視,3704,9〜18か月目安,2倍要素はあります。まず第一利確とPBR平均到達を確認します,1852,1770.4,5818.83,2222.4,1.05,214.19,0.49,10.46,101.35,100,15.5,0,1,51,待ち,23.7,買い場近い,中立,irbank:2026/03,自動取得財務でランキング反映。原資料チェックで精度を上げる,買い場近い。自動取得財務と月次シグナルで条件内です。2倍監視: 9〜18か月目安。2倍期待あり: 価格スコア51 / 勝率100%/平均15.5% / 下落浅め0% / ネット現金100%以上 / 低PBR+低PER,自動取得財務で判定。原資料チェック推奨
29,6964,サンコー,スタンダード（内国株式）,電気機器,自動買い場近い,通常候補前,121.65,158.65,37,2倍期待あり,価格スコア54.9 / 勝率100%/平均17.6% / 下落浅め-0.2% / ネット現金50%以上 / 低PBR+低PER,2倍監視,1306,9〜18か月目安,2倍要素はあります。まず第一利確とPBR平均到達を確認します,653,631.1,2815.64,788.88,1.03,331.19,0.35,10.35,84.91,100,17.6,-0.2,1,54.9,待ち,14.6,買い場近い,中立,irbank:2026/03,自動取得財務でランキング反映。原資料チェックで精度を上げる,買い場近い。自動取得財務と月次シグナルで条件内です。2倍監視: 9〜18か月目安。2倍期待あり: 価格スコア54.9 / 勝率100%/平均17.6% / 下落浅め-0.2% / ネット現金50%以上 / 低PBR+低PER,自動取得財務で判定。原資料チェック推奨
30,5010,日本精蝋,スタンダード（内国株式）,石油・石炭製品,財務注意つき買い場近い,通常候補前,112.64,156.64,44,2倍期待あり,広域検証良好 / 価格スコア82.2 / 勝率100%/平均20.6% / 下落浅め0% / 低PBR+低PER,2倍監視,456,9〜18か月目安,2倍要素はあります。まず第一利確とPBR平均到達を確認します,228,216.9,972.24,273.6,1.05,326.42,0.67,5.63,-300.01,100,20.6,0,2,82.2,待ち,17.5,買い場近い,良さそう,irbank:2026/03,自動取得財務でランキング反映。原資料チェックで精度を上げる,買い場近い。自動取得財務と月次シグナルで条件内です。2倍監視: 9〜18か月目安。2倍期待あり: 広域検証良好 / 価格スコア82.2 / 勝率100%/平均20.6% / 下落浅め0% / 低PBR+低PER,ネット有利子負債が重め。負債と利益継続性を確認
31,6635,大日光・エンジニアリング,スタンダード（内国株式）,電気機器,財務注意つき買い場近い,通常候補前,106.09,156.09,50,2倍期待強,上昇中押し目 / 価格スコア55.9 / 勝率100%/平均15.8% / 下落浅め-3.2% / 低PBR+低PER,2倍候補,1424,6〜12か月目安,2倍条件は強いですが、短期化には出来高増加と材料が必要です,712,701.03,2569.44,876.29,1.02,260.88,0.65,6.65,-117.54,100,15.8,-3.2,1,55.9,上昇中押し目,48.3,買い場近い,中立,irbank:2026/03,自動取得財務でランキング反映。原資料チェックで精度を上げる,買い場近い。自動取得財務と月次シグナルで条件内です。2倍候補: 6〜12か月目安。2倍期待強: 上昇中押し目 / 価格スコア55.9 / 勝率100%/平均15.8% / 下落浅め-3.2% / 低PBR+低PER,ネット有利子負債が重め。負債と利益継続性を確認
32,5237,ノザワ,スタンダード（内国株式）,ガラス・土石製品,自動買い場近い,通常候補前,111.75,155.75,44,2倍期待あり,広域検証良好 / 価格スコア63.9 / 勝率100%/平均12.3% / 下落浅め-1.5% / 低PBR+低PER,2倍監視,2422,9〜18か月目安,2倍要素はあります。まず第一利確とPBR平均到達を確認します,1211,1179.28,3145.68,1474.1,1.03,159.76,0.66,9.24,39.7,100,12.3,-1.5,2,63.9,待ち,40.3,買い場近い,良さそう,irbank:2026/03,自動取得財務でランキング反映。原資料チェックで精度を上げる,買い場近い。自動取得財務と月次シグナルで条件内です。2倍監視: 9〜18か月目安。2倍期待あり: 広域検証良好 / 価格スコア63.9 / 勝率100%/平均12.3% / 下落浅め-1.5% / 低PBR+低PER,自動取得財務で判定。原資料チェック推奨
33,5820,三ッ星,スタンダード（内国株式）,非鉄金属,自動今買い候補,通常候補前,111.7,155.7,44,2倍期待あり,広域検証良好 / 価格スコア63.3 / 勝率100%/平均11.8% / 下落浅め-1.1% / 低PBR+低PER,2倍監視,1506,9〜18か月目安,2倍要素はあります。まず第一利確とPBR平均到達を確認します,753,790.4,2818.44,988,0.95,274.3,0.41,9.53,-22.29,100,11.8,-1.1,2,63.3,待ち,3.4,今買い候補,良さそう,irbank:2026/03,自動取得財務でランキング反映。原資料チェックで精度を上げる,今買い候補。自動取得財務と月次シグナルで条件内です。2倍監視: 9〜18か月目安。2倍期待あり: 広域検証良好 / 価格スコア63.3 / 勝率100%/平均11.8% / 下落浅め-1.1% / 低PBR+低PER,自動取得財務で判定。原資料チェック推奨
34,7822,永大産業,スタンダード（内国株式）,その他製品,自動今買い候補,通常候補前,123.56,155.56,32,2倍期待あり,広域検証良好 / 価格スコア51.1 / 下落浅め-2.1% / 低PBR+低PER,2倍監視,480,9〜18か月目安,2倍要素はあります。まず第一利確とPBR平均到達を確認します,240,452.5,1448.7,565.63,0.53,503.62,0.25,5.3,-169.11,100,6.3,-2.1,2,51.1,待ち,9.6,今買い候補,良さそう,irbank:2026/03,自動取得財務でランキング反映。原資料チェックで精度を上げる,今買い候補。自動取得財務と月次シグナルで条件内です。2倍監視: 9〜18か月目安。2倍期待あり: 広域検証良好 / 価格スコア51.1 / 下落浅め-2.1% / 低PBR+低PER,自動取得財務で判定。原資料チェック推奨
35,6513,オリジン,スタンダード（内国株式）,電気機器,自動今買い候補,通常候補登録済み,129.41,154.41,25,2倍監視,検証3回 / 下落浅め-5.1% / ネット現金100%以上 / 低PBR+低PER,2倍監視,2150,12か月以上。条件改善待ち,現時点では監視寄りです。上昇中押し目か価格スコア改善を待ちます,1075,1800,8568,2250,0.6,697.02,0.19,5.97,345.98,66.7,0.3,-5.1,3,36.9,安値反転候補,2.1,今買い候補,中立,confirmed,通常候補として自動ランキング反映,今買い候補。自動取得財務と月次シグナルで条件内です。2倍監視: 12か月以上。条件改善待ち。2倍監視: 検証3回 / 下落浅め-5.1% / ネット現金100%以上 / 低PBR+低PER,自動取得財務で判定。原資料チェック推奨
36,3892,岡山製紙,スタンダード（内国株式）,パルプ・紙,自動買い場近い,通常候補登録済み,115.37,154.37,39,2倍期待あり,広域検証良好 / 検証5回 / 下落浅め-6.1% / ネット現金50%以上 / 低PBR+低PER,2倍監視,3240,9〜18か月目安,2倍要素はあります。まず第一利確とPBR平均到達を確認します,1620,1507,4861.54,1944,1.08,200.1,0.51,10.75,67.67,60,6.4,-6.1,5,41.5,待ち,13,買い場近い,良さそう,confirmed,通常候補として自動ランキング反映,買い場近い。自動取得財務と月次シグナルで条件内です。2倍監視: 9〜18か月目安。2倍期待あり: 広域検証良好 / 検証5回 / 下落浅め-6.1% / ネット現金50%以上 / 低PBR+低PER,自動取得財務で判定。原資料チェック推奨
37,7986,日本アイ・エス・ケイ,スタンダード（内国株式）,その他製品,自動今買い候補,通常候補前,126.5,153.5,27,2倍監視,広域検証良好 / 下落浅め-1.9% / ネット現金50%以上 / 低PBR+低PER,2倍監視,3554,12か月以上。条件改善待ち,現時点では監視寄りです。上昇中押し目か価格スコア改善を待ちます,1777,1979.05,7042.32,2473.81,0.9,296.3,0.57,6.06,52.14,100,4.3,-1.9,2,47.2,待ち,14.2,今買い候補,良さそう,irbank:2026/03,自動取得財務でランキング反映。原資料チェックで精度を上げる,今買い候補。自動取得財務と月次シグナルで条件内です。2倍監視: 12か月以上。条件改善待ち。2倍監視: 広域検証良好 / 下落浅め-1.9% / ネット現金50%以上 / 低PBR+低PER,自動取得財務で判定。原資料チェック推奨
38,5204,石塚硝子,スタンダード（内国株式）,ガラス・土石製品,自動今買い候補,通常候補前,119.73,151.73,32,2倍期待あり,価格スコア56.7 / 勝率100%/平均19% / 下落浅め-1% / 低PBR+低PER,2倍監視,6000,9〜18か月目安,2倍要素はあります。まず第一利確とPBR平均到達を確認します,3000,5155.7,13859.41,6444.63,0.58,361.98,0.33,5.82,-152.51,100,19,-1,1,56.7,待ち,15.8,今買い候補,中立,irbank:2026/03,自動取得財務でランキング反映。原資料チェックで精度を上げる,今買い候補。自動取得財務と月次シグナルで条件内です。2倍監視: 9〜18か月目安。2倍期待あり: 価格スコア56.7 / 勝率100%/平均19% / 下落浅め-1% / 低PBR+低PER,自動取得財務で判定。原資料チェック推奨
39,7161,じもとホールディングス,スタンダード（内国株式）,銀行業,自動今買い候補,通常候補前,126.4,150.4,24,2倍監視,広域検証良好 / 価格スコア50.6 / 下落浅め-4.4% / 低PBR+低PER / 特殊業種は財務指標を割引,2倍監視,988,12か月以上。条件改善待ち,現時点では監視寄りです。上昇中押し目か価格スコア改善を待ちます,494,1348.1,5016.03,1685.13,0.37,915.39,0.15,3.66,1224.55,100,7.5,-4.4,2,50.6,待ち,56.8,今買い候補,良さそう,irbank:2026/03,自動取得財務でランキング反映。原資料チェックで精度を上げる,今買い候補。自動取得財務と月次シグナルで条件内です。2倍監視: 12か月以上。条件改善待ち。2倍監視: 広域検証良好 / 価格スコア50.6 / 下落浅め-4.4% / 低PBR+低PER / 特殊業種は財務指標を割引,自動取得財務で判定。原資料チェック推奨
40,5391,エーアンドエーマテリアル,スタンダード（内国株式）,ガラス・土石製品,自動今買い候補,通常候補前,118.31,150.31,32,2倍期待あり,価格スコア65.3 / 勝率100%/平均22.6% / 下落浅め0% / 低PBR+低PER,2倍監視,2842,9〜18か月目安,2倍要素はあります。まず第一利確とPBR平均到達を確認します,1421,1986.66,5208.24,2483.32,0.72,266.52,0.46,6.55,-111.13,100,22.6,0,1,65.3,待ち,27.1,今買い候補,中立,irbank:2026/03,自動取得財務でランキング反映。原資料チェックで精度を上げる,今買い候補。自動取得財務と月次シグナルで条件内です。2倍監視: 9〜18か月目安。2倍期待あり: 価格スコア65.3 / 勝率100%/平均22.6% / 下落浅め0% / 低PBR+低PER,自動取得財務で判定。原資料チェック推奨
41,6771,池上通信機,スタンダード（内国株式）,電気機器,自動今買い候補,通常候補前,111.15,150.15,39,2倍期待あり,広域検証良好 / 価格スコア60 / 検証3回 / 下落浅め-3.4% / 低PBR+低PER,2倍監視,1278,9〜18か月目安,2倍要素はあります。まず第一利確とPBR平均到達を確認します,639,779.4,3411.41,974.25,0.82,433.87,0.29,8.2,-130.77,66.7,10.9,-3.4,3,60,安値反転候補,4.1,今買い候補,良さそう,irbank:2026/03,自動取得財務でランキング反映。原資料チェックで精度を上げる,今買い候補。自動取得財務と月次シグナルで条件内です。2倍監視: 9〜18か月目安。2倍期待あり: 広域検証良好 / 価格スコア60 / 検証3回 / 下落浅め-3.4% / 低PBR+低PER,自動取得財務で判定。原資料チェック推奨
42,7955,クリナップ,プライム（内国株式）,その他製品,自動今買い候補,通常候補前,117.63,149.63,32,2倍期待あり,広域検証良好 / 価格スコア51.4 / 下落浅め-6.1% / 低PBR+低PER,2倍監視,1754,9〜18か月目安,2倍要素はあります。まず第一利確とPBR平均到達を確認します,877,1006.7,2622.39,1258.38,0.87,199.02,0.51,8.71,38.61,100,8.8,-6.1,2,51.4,待ち,32.3,今買い候補,良さそう,irbank:2026/03,自動取得財務でランキング反映。原資料チェックで精度を上げる,今買い候補。自動取得財務と月次シグナルで条件内です。2倍監視: 9〜18か月目安。2倍期待あり: 広域検証良好 / 価格スコア51.4 / 下落浅め-6.1% / 低PBR+低PER,自動取得財務で判定。原資料チェック推奨
43,6343,フリージア・マクロス,スタンダード（内国株式）,機械,自動今買い候補,通常候補前,117.37,149.37,32,2倍期待あり,価格スコア55.9 / 勝率100%/平均18.4% / 下落浅め-0.7% / 低PBR+低PER,2倍監視,304,9〜18か月目安,2倍要素はあります。まず第一利確とPBR平均到達を確認します,152,240.51,853.2,300.64,0.63,461.32,0.4,4.28,-89.27,100,18.4,-0.7,1,55.9,待ち,44.8,今買い候補,中立,irbank:2026/03,自動取得財務でランキング反映。原資料チェックで精度を上げる,今買い候補。自動取得財務と月次シグナルで条件内です。2倍監視: 9〜18か月目安。2倍期待あり: 価格スコア55.9 / 勝率100%/平均18.4% / 下落浅め-0.7% / 低PBR+低PER,自動取得財務で判定。原資料チェック推奨
44,6286,靜甲,スタンダード（内国株式）,機械,自動今買い候補,通常候補前,114.73,148.73,34,2倍期待あり,広域検証良好 / 検証3回 / 下落浅め-5% / ネット現金50%以上 / 低PBR+低PER,2倍監視,2842,9〜18か月目安,2倍要素はあります。まず第一利確とPBR平均到達を確認します,1421,1548.4,4134.81,1935.5,0.92,190.98,0.53,9.18,50.28,66.7,3.1,-5,3,42.4,安値反転候補,67,今買い候補,良さそう,irbank:2026/03,自動取得財務でランキング反映。原資料チェックで精度を上げる,今買い候補。自動取得財務と月次シグナルで条件内です。2倍監視: 9〜18か月目安。2倍期待あり: 広域検証良好 / 検証3回 / 下落浅め-5% / ネット現金50%以上 / 低PBR+低PER,自動取得財務で判定。原資料チェック推奨
45,6335,東京機械製作所,スタンダード（内国株式）,機械,自動今買い候補,通常候補前,108.73,148.73,40,2倍期待あり,価格スコア52.1 / 勝率100%/平均19.6% / 下落浅め-6% / ネット現金100%以上 / 低PBR+低PER,2倍監視,1366,9〜18か月目安,2倍要素はあります。まず第一利確とPBR平均到達を確認します,683,693.7,1774.19,867.13,0.98,159.76,0.59,9.85,133.57,100,19.6,-6,1,52.1,待ち,80.7,今買い候補,中立,irbank:2026/03,自動取得財務でランキング反映。原資料チェックで精度を上げる,今買い候補。自動取得財務と月次シグナルで条件内です。2倍監視: 9〜18か月目安。2倍期待あり: 価格スコア52.1 / 勝率100%/平均19.6% / 下落浅め-6% / ネット現金100%以上 / 低PBR+低PER,自動取得財務で判定。原資料チェック推奨
46,6484,ＫＶＫ,スタンダード（内国株式）,機械,自動今買い候補,通常候補前,114.86,146.86,32,2倍期待あり,広域検証良好 / 価格スコア66.2 / 下落浅め-0.2% / 低PBR+低PER,2倍監視,4738,9〜18か月目安,2倍要素はあります。まず第一利確とPBR平均到達を確認します,2369,2455.57,6577.2,3069.46,0.96,177.64,0.62,8.64,17.61,100,7.7,-0.2,2,66.2,安値反転候補,23.1,今買い候補,良さそう,irbank:2026/03,自動取得財務でランキング反映。原資料チェックで精度を上げる,今買い候補。自動取得財務と月次シグナルで条件内です。2倍監視: 9〜18か月目安。2倍期待あり: 広域検証良好 / 価格スコア66.2 / 下落浅め-0.2% / 低PBR+低PER,自動取得財務で判定。原資料チェック推奨
47,7486,サンリン,スタンダード（内国株式）,卸売業,自動今買い候補,通常候補前,117.58,146.58,29,2倍期待あり,広域検証良好 / 検証3回 / 下落浅め-6.3% / 低PBR+低PER,2倍監視,1526,9〜18か月目安,2倍要素はあります。まず第一利確とPBR平均到達を確認します,763,795.7,2775.62,994.62,0.96,263.78,0.42,9.59,15.18,66.7,7.5,-6.3,3,49.7,安値反転候補,11.1,今買い候補,良さそう,irbank:2026/03,自動取得財務でランキング反映。原資料チェックで精度を上げる,今買い候補。自動取得財務と月次シグナルで条件内です。2倍監視: 9〜18か月目安。2倍期待あり: 広域検証良好 / 検証3回 / 下落浅め-6.3% / 低PBR+低PER,自動取得財務で判定。原資料チェック推奨
48,3864,三菱製紙,プライム（内国株式）,パルプ・紙,自動今買い候補,通常候補前,111.53,146.53,35,2倍期待あり,上昇中押し目 / 検証4回 / 下落浅め-4.9% / 低PBR+低PER,2倍監視,2078,9〜18か月目安,2倍要素はあります。まず第一利確とPBR平均到達を確認します,1039,1483.7,3602.61,1854.63,0.7,246.74,0.44,7,-131.06,50,4.1,-4.9,4,39.9,上昇中押し目,68.1,今買い候補,中立,irbank:2026/03,自動取得財務でランキング反映。原資料チェックで精度を上げる,今買い候補。自動取得財務と月次シグナルで条件内です。2倍監視: 9〜18か月目安。2倍期待あり: 上昇中押し目 / 検証4回 / 下落浅め-4.9% / 低PBR+低PER,自動取得財務で判定。原資料チェック推奨
49,7871,フクビ化学工業,スタンダード（内国株式）,化学,自動買い場近い,通常候補前,112.15,146.15,34,2倍期待あり,広域検証良好 / 検証3回 / 下落浅め-8.3% / ネット現金50%以上 / 低PBR+低PER,2倍監視,1844,9〜18か月目安,2倍要素はあります。まず第一利確とPBR平均到達を確認します,922,849.5,3084.74,1106.4,1.09,234.57,0.46,10.85,72.11,66.7,3.2,-8.3,3,38.8,安値反転候補,17.9,買い場近い,良さそう,irbank:2026/03,自動取得財務でランキング反映。原資料チェックで精度を上げる,買い場近い。自動取得財務と月次シグナルで条件内です。2倍監視: 9〜18か月目安。2倍期待あり: 広域検証良好 / 検証3回 / 下落浅め-8.3% / ネット現金50%以上 / 低PBR+低PER,自動取得財務で判定。原資料チェック推奨
50,5279,日本興業,スタンダード（内国株式）,ガラス・土石製品,自動今買い候補,通常候補前,106.85,145.85,39,2倍期待あり,広域検証良好 / 価格スコア51.4 / 検証3回 / 下落浅め-3.4% / 低PBR+低PER,2倍監視,2334,9〜18か月目安,2倍要素はあります。まず第一利確とPBR平均到達を確認します,1167,1405.8,4523.69,1757.25,0.83,287.63,0.39,8.3,-72.54,66.7,6.6,-3.4,3,51.4,安値反転候補,1.4,今買い候補,良さそう,irbank:2026/03,自動取得財務でランキング反映。原資料チェックで精度を上げる,今買い候補。自動取得財務と月次シグナルで条件内です。2倍監視: 9〜18か月目安。2倍期待あり: 広域検証良好 / 価格スコア51.4 / 検証3回 / 下落浅め-3.4% / 低PBR+低PER,自動取得財務で判定。原資料チェック推奨
51,9363,大運,スタンダード（内国株式）,倉庫・運輸関連業,自動今買い候補,通常候補前,105.07,145.07,40,2倍期待あり,上昇中押し目 / 検証5回 / 下落浅め-6.8% / 低PBR+低PER,2倍監視,1050,9〜18か月目安,2倍要素はあります。まず第一利確とPBR平均到達を確認します,525,538.13,1682.64,672.66,0.98,220.5,0.62,7.49,38.42,40,-2,-6.8,5,24.9,上昇中押し目,30.9,今買い候補,見送り寄り,irbank:2026/03,自動取得財務でランキング反映。原資料チェックで精度を上げる,今買い候補。自動取得財務と月次シグナルで条件内です。2倍監視: 9〜18か月目安。2倍期待あり: 上昇中押し目 / 検証5回 / 下落浅め-6.8% / 低PBR+低PER,自動取得財務で判定。原資料チェック推奨
52,3551,ダイニック,スタンダード（内国株式）,繊維製品,自動今買い候補,通常候補前,108.95,143.95,35,2倍期待あり,上昇中押し目 / 検証3回 / 下落浅め-6.1% / 低PBR+低PER,2倍監視,2578,9〜18か月目安,2倍要素はあります。まず第一利確とPBR平均到達を確認します,1289,2336.77,5739.12,2920.97,0.55,345.24,0.35,5.39,-129.58,33.3,1.7,-6.1,3,24.8,上昇中押し目,58.2,今買い候補,見送り寄り,irbank:2026/03,自動取得財務でランキング反映。原資料チェックで精度を上げる,今買い候補。自動取得財務と月次シグナルで条件内です。2倍監視: 9〜18か月目安。2倍期待あり: 上昇中押し目 / 検証3回 / 下落浅め-6.1% / 低PBR+低PER,自動取得財務で判定。原資料チェック推奨
53,3375,ＺＯＡ,スタンダード（内国株式）,小売業,自動買い場近い,通常候補前,111.92,143.92,32,2倍期待あり,価格スコア60.4 / 勝率100%/平均16.4% / 下落浅め-2% / 低PBR+低PER,2倍監視,3320,9〜18か月目安,2倍要素はあります。まず第一利確とPBR平均到達を確認します,1660,1620.59,6484.32,2025.74,1.02,290.62,0.66,6.14,9.75,100,16.4,-2,1,60.4,安値反転候補,9.6,買い場近い,中立,irbank:2026/03,自動取得財務でランキング反映。原資料チェックで精度を上げる,買い場近い。自動取得財務と月次シグナルで条件内です。2倍監視: 9〜18か月目安。2倍期待あり: 価格スコア60.4 / 勝率100%/平均16.4% / 下落浅め-2% / 低PBR+低PER,自動取得財務で判定。原資料チェック推奨
54,7279,ハイレックスコーポレーション,スタンダード（内国株式）,輸送用機器,自動今買い候補,通常候補前,128.87,143.87,15,2倍監視,下落浅め-2.9% / ネット現金50%以上 / 低PBR+低PER,2倍監視,4046,12か月以上。条件改善待ち,現時点では監視寄りです。上昇中押し目か価格スコア改善を待ちます,2023,3677.9,23925.12,4597.38,0.55,1082.66,0.35,2.03,67.79,50,7,-2.9,2,33.9,待ち,4.5,今買い候補,中立,irbank:2026/04,自動取得財務でランキング反映。原資料チェックで精度を上げる,今買い候補。自動取得財務と月次シグナルで条件内です。2倍監視: 12か月以上。条件改善待ち。2倍監視: 下落浅め-2.9% / ネット現金50%以上 / 低PBR+低PER,自動取得財務で判定。原資料チェック推奨
55,9366,サンリツ,スタンダード（内国株式）,倉庫・運輸関連業,自動今買い候補,通常候補前,111.49,143.49,32,2倍期待あり,広域検証良好 / 価格スコア50.7 / 下落浅め-3.7% / 低PBR+低PER,2倍監視,1986,9〜18か月目安,2倍要素はあります。まず第一利確とPBR平均到達を確認します,993,1241.5,3296.11,1551.88,0.8,231.93,0.46,8,-129.32,100,7.1,-3.7,2,50.7,待ち,24.1,今買い候補,良さそう,irbank:2026/03,自動取得財務でランキング反映。原資料チェックで精度を上げる,今買い候補。自動取得財務と月次シグナルで条件内です。2倍監視: 9〜18か月目安。2倍期待あり: 広域検証良好 / 価格スコア50.7 / 下落浅め-3.7% / 低PBR+低PER,自動取得財務で判定。原資料チェック推奨
56,1914,日本基礎技術,スタンダード（内国株式）,建設業,自動今買い候補,通常候補前,111.3,143.3,32,2倍期待あり,価格スコア56.6 / 勝率100%/平均18.3% / 下落浅め0% / 低PBR+低PER,2倍監視,1304,9〜18か月目安,2倍要素はあります。まず第一利確とPBR平均到達を確認します,652,825.5,2067.6,1031.88,0.79,217.12,0.48,7.9,-14.04,100,18.3,0,1,56.6,待ち,-0.3,今買い候補,中立,irbank:2026/03,自動取得財務でランキング反映。原資料チェックで精度を上げる,今買い候補。自動取得財務と月次シグナルで条件内です。2倍監視: 9〜18か月目安。2倍期待あり: 価格スコア56.6 / 勝率100%/平均18.3% / 下落浅め0% / 低PBR+低PER,自動取得財務で判定。原資料チェック推奨
57,5975,東プレ,プライム（内国株式）,金属製品,自動今買い候補,通常候補前,115.04,143.04,28,2倍期待あり,上昇中押し目 / 下落浅め-4.9% / 低PBR+低PER,2倍監視,5406,9〜18か月目安,2倍要素はあります。まず第一利確とPBR平均到達を確認します,2703,3035.3,7537.56,3794.12,0.89,178.86,0.55,8.91,12.35,100,9.3,-4.9,1,40.8,上昇中押し目,48.8,今買い候補,中立,irbank:2026/03,自動取得財務でランキング反映。原資料チェックで精度を上げる,今買い候補。自動取得財務と月次シグナルで条件内です。2倍監視: 9〜18か月目安。2倍期待あり: 上昇中押し目 / 下落浅め-4.9% / 低PBR+低PER,自動取得財務で判定。原資料チェック推奨
58,7538,大水,スタンダード（内国株式）,卸売業,自動今買い候補,通常候補前,110.6,142.6,32,2倍期待あり,価格スコア50 / 勝率100%/平均15.3% / 下落浅め-0.6% / 低PBR+低PER,2倍監視,696,9〜18か月目安,2倍要素はあります。まず第一利確とPBR平均到達を確認します,348,477.2,1442.36,596.5,0.73,314.47,0.37,7.29,-31.47,100,15.3,-0.6,1,50,待ち,10.1,今買い候補,中立,irbank:2026/03,自動取得財務でランキング反映。原資料チェックで精度を上げる,今買い候補。自動取得財務と月次シグナルで条件内です。2倍監視: 9〜18か月目安。2倍期待あり: 価格スコア50 / 勝率100%/平均15.3% / 下落浅め-0.6% / 低PBR+低PER,自動取得財務で判定。原資料チェック推奨
59,8891,ＡＭＧホールディングス,スタンダード（内国株式）,不動産業,自動今買い候補,通常候補前,106.3,142.3,36,2倍期待あり,広域検証良好 / 価格スコア67 / 勝率100%/平均14% / 下落浅め-1.7% / 低PBR+低PER / 特殊業種は財務指標を割引,2倍監視,3724,9〜18か月目安,2倍要素はあります。まず第一利確とPBR平均到達を確認します,1862,2381.2,6546.5,2976.5,0.78,251.58,0.44,7.82,-214.23,100,14,-1.7,2,67,待ち,-10,今買い候補,良さそう,irbank:2026/03,自動取得財務でランキング反映。原資料チェックで精度を上げる,今買い候補。自動取得財務と月次シグナルで条件内です。2倍監視: 9〜18か月目安。2倍期待あり: 広域検証良好 / 価格スコア67 / 勝率100%/平均14% / 下落浅め-1.7% / 低PBR+低PER / 特殊業種は財務指標を割引,自動取得財務で判定。原資料チェック推奨
60,9130,共栄タンカー,スタンダード（内国株式）,海運業,自動今買い候補,通常候補前,110.04,142.04,32,2倍期待あり,価格スコア59.4 / 勝率100%/平均20.1% / 下落浅め-0.7% / 低PBR+低PER,2倍監視,2866,9〜18か月目安,2倍要素はあります。まず第一利確とPBR平均到達を確認します,1433,1699.9,5219.93,2124.88,0.84,264.27,0.42,8.43,-348.63,100,20.1,-0.7,1,59.4,待ち,41.6,今買い候補,中立,irbank:2026/03,自動取得財務でランキング反映。原資料チェックで精度を上げる,今買い候補。自動取得財務と月次シグナルで条件内です。2倍監視: 9〜18か月目安。2倍期待あり: 価格スコア59.4 / 勝率100%/平均20.1% / 下落浅め-0.7% / 低PBR+低PER,自動取得財務で判定。原資料チェック推奨
61,7299,フジオーゼックス,スタンダード（内国株式）,輸送用機器,自動今買い候補,通常候補前,119.95,141.95,22,2倍監視,広域検証良好 / 下落浅め-6% / 低PBR+低PER,2倍監視,3228,12か月以上。条件改善待ち,現時点では監視寄りです。上昇中押し目か価格スコア改善を待ちます,1614,1728.9,4979.32,2161.13,0.93,208.51,0.5,9.34,38.71,100,5.4,-6,2,44.7,待ち,17.5,今買い候補,良さそう,irbank:2026/03,自動取得財務でランキング反映。原資料チェックで精度を上げる,今買い候補。自動取得財務と月次シグナルで条件内です。2倍監視: 12か月以上。条件改善待ち。2倍監視: 広域検証良好 / 下落浅め-6% / 低PBR+低PER,自動取得財務で判定。原資料チェック推奨
62,3947,ダイナパック,スタンダード（内国株式）,パルプ・紙,自動今買い候補,通常候補前,109.71,141.71,32,2倍期待あり,広域検証良好 / 価格スコア52.1 / 下落浅め-3.7% / 低PBR+低PER,2倍監視,4388,9〜18か月目安,2倍要素はあります。まず第一利確とPBR平均到達を確認します,2194,2559.5,7500.08,3199.38,0.86,241.84,0.45,8.57,-10.08,100,7.8,-3.7,2,52.1,待ち,11.5,今買い候補,良さそう,irbank:2026/03,自動取得財務でランキング反映。原資料チェックで精度を上げる,今買い候補。自動取得財務と月次シグナルで条件内です。2倍監視: 9〜18か月目安。2倍期待あり: 広域検証良好 / 価格スコア52.1 / 下落浅め-3.7% / 低PBR+低PER,自動取得財務で判定。原資料チェック推奨
63,6307,サンセイ,スタンダード（内国株式）,機械,自動今買い候補,通常候補前,112.66,141.66,29,2倍期待あり,広域検証良好 / 検証4回 / 下落浅め-9% / 低PBR+低PER,2倍監視,826,9〜18か月目安,2倍要素はあります。まず第一利確とPBR平均到達を確認します,413,438.91,1235.28,548.63,0.94,199.1,0.6,8.02,16.96,75,9.8,-9,4,47,待ち,5.4,今買い候補,良さそう,irbank:2026/03,自動取得財務でランキング反映。原資料チェックで精度を上げる,今買い候補。自動取得財務と月次シグナルで条件内です。2倍監視: 9〜18か月目安。2倍期待あり: 広域検証良好 / 検証4回 / 下落浅め-9% / 低PBR+低PER,自動取得財務で判定。原資料チェック推奨
64,1866,北野建設,スタンダード（内国株式）,建設業,自動今買い候補,通常候補前,118.99,140.99,22,2倍監視,勝率100%/平均13.8% / 下落浅め0% / 低PBR+低PER,2倍監視,2160,12か月以上。条件改善待ち,現時点では監視寄りです。上昇中押し目か価格スコア改善を待ちます,1080,1357.14,3453.84,1696.42,0.8,219.8,0.51,7.5,44.74,100,13.8,0,1,47.5,待ち,6.1,今買い候補,中立,irbank:2026/03,自動取得財務でランキング反映。原資料チェックで精度を上げる,今買い候補。自動取得財務と月次シグナルで条件内です。2倍監視: 12か月以上。条件改善待ち。2倍監視: 勝率100%/平均13.8% / 下落浅め0% / 低PBR+低PER,自動取得財務で判定。原資料チェック推奨
65,1718,美樹工業,スタンダード（内国株式）,建設業,自動今買い候補,通常候補前,108.85,140.85,32,2倍期待あり,価格スコア50.4 / 勝率100%/平均10.5% / 下落浅め-0.6% / 低PBR+低PER,2倍監視,14180,9〜18か月目安,2倍要素はあります。まず第一利確とPBR平均到達を確認します,7090,10245.2,24936.57,12806.5,0.69,251.71,0.44,6.92,-90.69,100,10.5,-0.6,1,50.4,安値反転候補,7.1,今買い候補,中立,irbank:2026/03,自動取得財務でランキング反映。原資料チェックで精度を上げる,今買い候補。自動取得財務と月次シグナルで条件内です。2倍監視: 9〜18か月目安。2倍期待あり: 価格スコア50.4 / 勝率100%/平均10.5% / 下落浅め-0.6% / 低PBR+低PER,自動取得財務で判定。原資料チェック推奨
66,2915,ケンコーマヨネーズ,プライム（内国株式）,食料品,自動買い場近い,通常候補前,95.68,139.68,44,2倍期待あり,広域検証良好 / 価格スコア73.3 / 勝率100%/平均11.5% / 下落浅め-0.6% / 低PBR+低PER,2倍監視,4048,9〜18か月目安,2倍要素はあります。まず第一利確とPBR平均到達を確認します,2024,1847.53,4734,2428.8,1.1,133.89,0.7,10.26,34.98,100,11.5,-0.6,2,73.3,安値反転候補,12.4,買い場近い,良さそう,irbank:2026/03,自動取得財務でランキング反映。原資料チェックで精度を上げる,買い場近い。自動取得財務と月次シグナルで条件内です。2倍監視: 9〜18か月目安。2倍期待あり: 広域検証良好 / 価格スコア73.3 / 勝率100%/平均11.5% / 下落浅め-0.6% / 低PBR+低PER,自動取得財務で判定。原資料チェック推奨
67,5233,太平洋セメント,プライム（内国株式）,ガラス・土石製品,財務注意つき買い場近い,通常候補前,94.81,138.81,44,2倍期待あり,広域検証良好 / 価格スコア69.8 / 勝率100%/平均15.6% / 下落浅め-2% / 低PBR+低PER,2倍監視,8174,9〜18か月目安,2倍要素はあります。まず第一利確とPBR平均到達を確認します,4087,3902.8,10322.4,4904.4,1.05,152.57,0.67,9.5,-70.36,100,15.6,-2,2,69.8,待ち,11.6,買い場近い,良さそう,irbank:2026/03,自動取得財務でランキング反映。原資料チェックで精度を上げる,買い場近い。自動取得財務と月次シグナルで条件内です。2倍監視: 9〜18か月目安。2倍期待あり: 広域検証良好 / 価格スコア69.8 / 勝率100%/平均15.6% / 下落浅め-2% / 低PBR+低PER,ネット有利子負債が重め。負債と利益継続性を確認
68,7280,ミツバ,プライム（内国株式）,電気機器,自動今買い候補,通常候補前,109.8,138.8,29,2倍期待あり,広域検証良好 / 検証3回 / 下落浅め-7.8% / 低PBR+低PER,2倍監視,2320,9〜18か月目安,2倍要素はあります。まず第一利確とPBR平均到達を確認します,1160,1667.75,6002.16,2084.69,0.7,417.43,0.45,4.64,-64.06,66.7,9.2,-7.8,3,41.4,待ち,45,今買い候補,良さそう,irbank:2026/03,自動取得財務でランキング反映。原資料チェックで精度を上げる,今買い候補。自動取得財務と月次シグナルで条件内です。2倍監視: 9〜18か月目安。2倍期待あり: 広域検証良好 / 検証3回 / 下落浅め-7.8% / 低PBR+低PER,自動取得財務で判定。原資料チェック推奨
69,3611,マツオカコーポレーション,スタンダード（内国株式）,繊維製品,自動今買い候補,通常候補前,109.07,138.07,29,2倍期待あり,広域検証良好 / 検証3回 / 下落浅め-6.2% / 低PBR+低PER,2倍監視,4678,9〜18か月目安,2倍要素はあります。まず第一利確とPBR平均到達を確認します,2339,2434.68,7772.64,3043.34,0.96,232.31,0.61,7.22,21.44,66.7,5.8,-6.2,3,36.5,待ち,28.4,今買い候補,良さそう,irbank:2026/03,自動取得財務でランキング反映。原資料チェックで精度を上げる,今買い候補。自動取得財務と月次シグナルで条件内です。2倍監視: 9〜18か月目安。2倍期待あり: 広域検証良好 / 検証3回 / 下落浅め-6.2% / 低PBR+低PER,自動取得財務で判定。原資料チェック推奨
70,2907,あじかん,スタンダード（内国株式）,食料品,自動今買い候補,通常候補前,94.05,138.05,44,2倍期待あり,広域検証良好 / 価格スコア60.9 / 勝率100%/平均11.9% / 下落浅め-3.3% / 低PBR+低PER,2倍監視,2890,9〜18か月目安,2倍要素はあります。まず第一利確とPBR平均到達を確認します,1445,1536.3,3740.87,1920.38,0.94,158.88,0.59,9.41,-7.68,100,11.9,-3.3,2,60.9,待ち,17.5,今買い候補,良さそう,irbank:2026/03,自動取得財務でランキング反映。原資料チェックで精度を上げる,今買い候補。自動取得財務と月次シグナルで条件内です。2倍監視: 9〜18か月目安。2倍期待あり: 広域検証良好 / 価格スコア60.9 / 勝率100%/平均11.9% / 下落浅め-3.3% / 低PBR+低PER,自動取得財務で判定。原資料チェック推奨
71,9537,北陸瓦斯,スタンダード（内国株式）,電気・ガス業,自動買い場近い,通常候補前,101.87,137.87,36,2倍期待あり,広域検証良好 / 価格スコア66.9 / 勝率100%/平均14.2% / 下落浅め-2.2% / 低PBR+低PER / 特殊業種は財務指標を割引,2倍監視,8000,9〜18か月目安,2倍要素はあります。まず第一利確とPBR平均到達を確認します,4000,3922.5,17564.05,4903.13,1.02,339.1,0.35,10.2,26.12,100,14.2,-2.2,2,66.9,待ち,13.2,買い場近い,良さそう,irbank:2026/03,自動取得財務でランキング反映。原資料チェックで精度を上げる,買い場近い。自動取得財務と月次シグナルで条件内です。2倍監視: 9〜18か月目安。2倍期待あり: 広域検証良好 / 価格スコア66.9 / 勝率100%/平均14.2% / 下落浅め-2.2% / 低PBR+低PER / 特殊業種は財務指標を割引,自動取得財務で判定。原資料チェック推奨
72,4247,ポバール興業,スタンダード（内国株式）,化学,自動買い場近い,通常候補前,105.28,137.28,32,2倍期待あり,広域検証良好 / 価格スコア64.5 / 下落浅め-3.8% / 低PBR+低PER,2倍監視,2520,9〜18か月目安,2倍要素はあります。まず第一利確とPBR平均到達を確認します,1260,1169.1,3500.75,1512,1.08,177.84,0.55,10.78,28.28,100,9,-3.8,2,64.5,安値反転候補,8.7,買い場近い,良さそう,irbank:2026/03,自動取得財務でランキング反映。原資料チェックで精度を上げる,買い場近い。自動取得財務と月次シグナルで条件内です。2倍監視: 9〜18か月目安。2倍期待あり: 広域検証良好 / 価格スコア64.5 / 下落浅め-3.8% / 低PBR+低PER,自動取得財務で判定。原資料チェック推奨
73,3204,トーア紡コーポレーション,スタンダード（内国株式）,繊維製品,自動今買い候補,通常候補前,103.16,137.16,34,2倍期待あり,広域検証良好 / 検証5回 / 下落浅め-6% / 低PBR+低PER,2倍監視,1018,9〜18か月目安,2倍要素はあります。まず第一利確とPBR平均到達を確認します,509,589.1,2456.34,736.37,0.86,382.58,0.32,8.64,-223.53,60,4.2,-6,5,37.1,待ち,29.5,今買い候補,良さそう,irbank:2026/03,自動取得財務でランキング反映。原資料チェックで精度を上げる,今買い候補。自動取得財務と月次シグナルで条件内です。2倍監視: 9〜18か月目安。2倍期待あり: 広域検証良好 / 検証5回 / 下落浅め-6% / 低PBR+低PER,自動取得財務で判定。原資料チェック推奨
74,4222,児玉化学工業,スタンダード（内国株式）,化学,自動今買い候補,通常候補前,108.01,137.01,29,2倍期待あり,広域検証良好 / 検証3回 / 下落浅め-10.2% / 低PBR+低PER,2倍監視,1316,9〜18か月目安,2倍要素はあります。まず第一利確とPBR平均到達を確認します,658,901,2798.31,1126.25,0.73,325.27,0.36,7.3,-38.75,66.7,11.3,-10.2,3,42.6,待ち,7.2,今買い候補,良さそう,irbank:2026/03,自動取得財務でランキング反映。原資料チェックで精度を上げる,今買い候補。自動取得財務と月次シグナルで条件内です。2倍監視: 9〜18か月目安。2倍期待あり: 広域検証良好 / 検証3回 / 下落浅め-10.2% / 低PBR+低PER,自動取得財務で判定。原資料チェック推奨
75,5282,ジオスター,スタンダード（内国株式）,ガラス・土石製品,自動今買い候補,通常候補前,121.2,136.2,15,2倍監視,下落浅め-1.3% / ネット現金50%以上 / 低PBR+低PER,2倍監視,838,12か月以上。条件改善待ち,現時点では監視寄りです。上昇中押し目か価格スコア改善を待ちます,419,524.79,1449.36,655.99,0.8,245.91,0.51,6.94,60.11,100,8.8,-1.3,1,36.1,待ち,39.2,今買い候補,中立,irbank:2026/03,自動取得財務でランキング反映。原資料チェックで精度を上げる,今買い候補。自動取得財務と月次シグナルで条件内です。2倍監視: 12か月以上。条件改善待ち。2倍監視: 下落浅め-1.3% / ネット現金50%以上 / 低PBR+低PER,自動取得財務で判定。原資料チェック推奨
76,8713,フィデアホールディングス,プライム（内国株式）,銀行業,自動買い場近い,通常候補前,100.03,136.03,36,2倍期待あり,広域検証良好 / 価格スコア63.8 / 勝率100%/平均13.5% / 下落浅め-3.5% / 低PBR+低PER / 特殊業種は財務指標を割引,2倍監視,3820,9〜18か月目安,2倍要素はあります。まず第一利確とPBR平均到達を確認します,1910,1771.9,7262.04,2292,1.08,280.21,0.4,10.78,1247.55,100,13.5,-3.5,2,63.8,待ち,32.9,買い場近い,良さそう,irbank:2026/03,自動取得財務でランキング反映。原資料チェックで精度を上げる,買い場近い。自動取得財務と月次シグナルで条件内です。2倍監視: 9〜18か月目安。2倍期待あり: 広域検証良好 / 価格スコア63.8 / 勝率100%/平均13.5% / 下落浅め-3.5% / 低PBR+低PER / 特殊業種は財務指標を割引,自動取得財務で判定。原資料チェック推奨
77,5632,三菱製鋼,プライム（内国株式）,鉄鋼,財務注意つき買い場近い,通常候補前,85.58,135.58,50,2倍期待強,上昇中押し目 / 価格スコア60.4 / 勝率100%/平均17.9% / 下落浅め-2.8% / 低PBR+低PER,2倍候補,4354,6〜12か月目安,2倍条件は強いですが、短期化には出来高増加と材料が必要です,2177,2050.1,4925.77,2612.4,1.06,126.26,0.68,10.62,-68.76,100,17.9,-2.8,1,60.4,上昇中押し目,35.2,買い場近い,中立,irbank:2026/03,自動取得財務でランキング反映。原資料チェックで精度を上げる,買い場近い。自動取得財務と月次シグナルで条件内です。2倍候補: 6〜12か月目安。2倍期待強: 上昇中押し目 / 価格スコア60.4 / 勝率100%/平均17.9% / 下落浅め-2.8% / 低PBR+低PER,ネット有利子負債が重め。負債と利益継続性を確認
78,7877,永大化工,スタンダード（内国株式）,化学,自動今買い候補,通常候補前,120.47,135.47,15,2倍監視,下落浅め-4.4% / ネット現金50%以上 / 低PBR+低PER,2倍監視,3974,12か月以上。条件改善待ち,現時点では監視寄りです。上昇中押し目か価格スコア改善を待ちます,1987,2845.4,9217.59,3556.75,0.7,363.89,0.33,6.98,74.97,50,6.1,-4.4,2,30.5,待ち,26.6,今買い候補,中立,irbank:2026/03,自動取得財務でランキング反映。原資料チェックで精度を上げる,今買い候補。自動取得財務と月次シグナルで条件内です。2倍監視: 12か月以上。条件改善待ち。2倍監視: 下落浅め-4.4% / ネット現金50%以上 / 低PBR+低PER,自動取得財務で判定。原資料チェック推奨
79,5660,神鋼鋼線工業,スタンダード（内国株式）,鉄鋼,自動今買い候補,通常候補前,103.41,135.41,32,2倍期待あり,価格スコア51.7 / 勝率100%/平均15.8% / 下落浅め0% / 低PBR+低PER,2倍監視,3504,9〜18か月目安,2倍要素はあります。まず第一利確とPBR平均到達を確認します,1752,1895.2,6572.12,2369,0.92,275.12,0.41,9.24,-72.17,100,15.8,0,1,51.7,待ち,33,今買い候補,中立,irbank:2026/03,自動取得財務でランキング反映。原資料チェックで精度を上げる,今買い候補。自動取得財務と月次シグナルで条件内です。2倍監視: 9〜18か月目安。2倍期待あり: 価格スコア51.7 / 勝率100%/平均15.8% / 下落浅め0% / 低PBR+低PER,自動取得財務で判定。原資料チェック推奨
80,4624,イサム塗料,スタンダード（内国株式）,化学,自動今買い候補,通常候補前,119.91,134.91,15,2倍監視,下落浅め-3.8% / ネット現金50%以上 / 低PBR+低PER,2倍監視,6790,12か月以上。条件改善待ち,現時点では監視寄りです。上昇中押し目か価格スコア改善を待ちます,3395,3963.4,14497.32,4954.25,0.86,327.02,0.36,8.57,62.85,100,6,-3.8,1,27.3,待ち,3.5,今買い候補,中立,irbank:2026/03,自動取得財務でランキング反映。原資料チェックで精度を上げる,今買い候補。自動取得財務と月次シグナルで条件内です。2倍監視: 12か月以上。条件改善待ち。2倍監視: 下落浅め-3.8% / ネット現金50%以上 / 低PBR+低PER,自動取得財務で判定。原資料チェック推奨
81,8041,ＯＵＧホールディングス,スタンダード（内国株式）,卸売業,自動今買い候補,通常候補前,102.8,134.8,32,2倍期待あり,広域検証良好 / 価格スコア51.4 / 下落浅め-5.9% / 低PBR+低PER,2倍監視,8370,9〜18か月目安,2倍要素はあります。まず第一利確とPBR平均到達を確認します,4185,4913.01,14228.64,6141.26,0.85,239.99,0.55,7.06,-92.68,100,8.8,-5.9,2,51.4,待ち,18.1,今買い候補,良さそう,irbank:2026/03,自動取得財務でランキング反映。原資料チェックで精度を上げる,今買い候補。自動取得財務と月次シグナルで条件内です。2倍監視: 9〜18か月目安。2倍期待あり: 広域検証良好 / 価格スコア51.4 / 下落浅め-5.9% / 低PBR+低PER,自動取得財務で判定。原資料チェック推奨
82,8364,清水銀行,プライム（内国株式）,銀行業,自動買い場近い,通常候補前,98.36,134.36,36,2倍期待あり,広域検証良好 / 価格スコア61.9 / 勝率100%/平均13.9% / 下落浅め-5.7% / 低PBR+低PER / 特殊業種は財務指標を割引,2倍監視,4700,9〜18か月目安,2倍要素はあります。まず第一利確とPBR平均到達を確認します,2350,2208.7,10709.97,2820,1.06,355.74,0.34,10.64,826.05,100,13.9,-5.7,2,61.9,待ち,73.4,買い場近い,良さそう,irbank:2026/03,自動取得財務でランキング反映。原資料チェックで精度を上げる,買い場近い。自動取得財務と月次シグナルで条件内です。2倍監視: 9〜18か月目安。2倍期待あり: 広域検証良好 / 価格スコア61.9 / 勝率100%/平均13.9% / 下落浅め-5.7% / 低PBR+低PER / 特殊業種は財務指標を割引,自動取得財務で判定。原資料チェック推奨
83,8291,日産東京販売ホールディングス,スタンダード（内国株式）,小売業,自動今買い候補,通常候補前,112.14,134.14,22,2倍監視,広域検証良好 / 下落浅め-0.6% / 低PBR+低PER,2倍監視,1092,12か月以上。条件改善待ち,現時点では監視寄りです。上昇中押し目か価格スコア改善を待ちます,546,588.6,1507.65,735.75,0.93,176.13,0.55,9.28,9.39,100,4.8,-0.6,2,49.9,待ち,14,今買い候補,良さそう,irbank:2026/03,自動取得財務でランキング反映。原資料チェックで精度を上げる,今買い候補。自動取得財務と月次シグナルで条件内です。2倍監視: 12か月以上。条件改善待ち。2倍監視: 広域検証良好 / 下落浅め-0.6% / 低PBR+低PER,自動取得財務で判定。原資料チェック推奨
84,9312,ケイヒン,スタンダード（内国株式）,倉庫・運輸関連業,自動今買い候補,通常候補前,102.08,134.08,32,2倍期待あり,価格スコア54 / 勝率100%/平均17.2% / 下落浅め-0.4% / 低PBR+低PER,2倍監視,5528,9〜18か月目安,2倍要素はあります。まず第一利確とPBR平均到達を確認します,2764,3312.77,12498.96,4140.96,0.83,352.21,0.53,5.31,-36.13,100,17.2,-0.4,1,54,待ち,12.2,今買い候補,中立,irbank:2026/03,自動取得財務でランキング反映。原資料チェックで精度を上げる,今買い候補。自動取得財務と月次シグナルで条件内です。2倍監視: 9〜18か月目安。2倍期待あり: 価格スコア54 / 勝率100%/平均17.2% / 下落浅め-0.4% / 低PBR+低PER,自動取得財務で判定。原資料チェック推奨
85,2666,オートウェーブ,スタンダード（内国株式）,小売業,自動買い場近い,通常候補前,89.55,133.55,44,2倍期待あり,広域検証良好 / 価格スコア59.4 / 勝率100%/平均11.5% / 下落浅め-3.7% / 低PBR+低PER,2倍監視,340,9〜18か月目安,2倍要素はあります。まず第一利確とPBR平均到達を確認します,170,166.8,480.42,208.5,1.02,182.6,0.54,10.19,-25.01,100,11.5,-3.7,2,59.4,待ち,16.4,買い場近い,良さそう,irbank:2026/03,自動取得財務でランキング反映。原資料チェックで精度を上げる,買い場近い。自動取得財務と月次シグナルで条件内です。2倍監視: 9〜18か月目安。2倍期待あり: 広域検証良好 / 価格スコア59.4 / 勝率100%/平均11.5% / 下落浅め-3.7% / 低PBR+低PER,自動取得財務で判定。原資料チェック推奨
86,5994,ファインシンター,スタンダード（内国株式）,金属製品,自動今買い候補,通常候補前,104.39,133.39,29,2倍期待あり,広域検証良好 / 検証3回 / 下落浅め-7.1% / 低PBR+低PER,2倍監視,1872,9〜18か月目安,2倍要素はあります。まず第一利確とPBR平均到達を確認します,936,1168.4,5129.69,1460.5,0.8,448.04,0.28,8.01,-280.37,66.7,7.4,-7.1,3,38.6,待ち,16.4,今買い候補,良さそう,irbank:2026/03,自動取得財務でランキング反映。原資料チェックで精度を上げる,今買い候補。自動取得財務と月次シグナルで条件内です。2倍監視: 9〜18か月目安。2倍期待あり: 広域検証良好 / 検証3回 / 下落浅め-7.1% / 低PBR+低PER,自動取得財務で判定。原資料チェック推奨
87,3151,バイタルケーエスケー・ホールディングス,プライム（内国株式）,卸売業,自動今買い候補,通常候補前,98.98,132.98,34,2倍期待あり,広域検証良好 / 検証5回 / 下落浅め-4.6% / 低PBR+低PER,2倍監視,3040,9〜18か月目安,2倍要素はあります。まず第一利確とPBR平均到達を確認します,1520,1550.3,3720.72,1937.88,0.98,144.78,0.63,9.8,18.28,60,4.7,-4.6,5,39.9,待ち,24.8,今買い候補,良さそう,irbank:2026/03,自動取得財務でランキング反映。原資料チェックで精度を上げる,今買い候補。自動取得財務と月次シグナルで条件内です。2倍監視: 9〜18か月目安。2倍期待あり: 広域検証良好 / 検証5回 / 下落浅め-4.6% / 低PBR+低PER,自動取得財務で判定。原資料チェック推奨
88,7264,ムロコーポレーション,スタンダード（内国株式）,輸送用機器,自動今買い候補,通常候補前,117.74,132.74,15,2倍監視,下落浅め-6.6% / ネット現金50%以上 / 低PBR+低PER,2倍監視,2542,12か月以上。条件改善待ち,現時点では監視寄りです。上昇中押し目か価格スコア改善を待ちます,1271,2006,5758.11,2507.5,0.63,353.04,0.34,6.34,67.27,50,2.3,-6.6,2,20.2,待ち,10.8,今買い候補,中立,irbank:2026/03,自動取得財務でランキング反映。原資料チェックで精度を上げる,今買い候補。自動取得財務と月次シグナルで条件内です。2倍監視: 12か月以上。条件改善待ち。2倍監視: 下落浅め-6.6% / ネット現金50%以上 / 低PBR+低PER,自動取得財務で判定。原資料チェック推奨
89,5603,虹技,スタンダード（内国株式）,鉄鋼,自動買い場近い,通常候補前,93.74,132.74,39,2倍期待あり,広域検証良好 / 価格スコア53.7 / 検証3回 / 下落浅め-6.1% / 低PBR+低PER,2倍監視,2494,9〜18か月目安,2倍要素はあります。まず第一利確とPBR平均到達を確認します,1247,1218.7,7233.98,1523.38,1.02,480.11,0.26,10.23,-129.61,66.7,9.4,-6.1,3,53.7,安値反転候補,14.1,買い場近い,良さそう,irbank:2026/03,自動取得財務でランキング反映。原資料チェックで精度を上げる,買い場近い。自動取得財務と月次シグナルで条件内です。2倍監視: 9〜18か月目安。2倍期待あり: 広域検証良好 / 価格スコア53.7 / 検証3回 / 下落浅め-6.1% / 低PBR+低PER,自動取得財務で判定。原資料チェック推奨
90,8383,鳥取銀行,スタンダード（内国株式）,銀行業,自動今買い候補,通常候補前,100.29,131.29,31,2倍期待あり,広域検証良好 / 価格スコア51.6 / 検証3回 / 下落浅め-4.4% / 低PBR+低PER / 特殊業種は財務指標を割引,2倍監視,3104,9〜18か月目安,2倍要素はあります。まず第一利確とPBR平均到達を確認します,1552,1709.6,8308.01,2137,0.91,435.31,0.29,9.08,488.97,66.7,7.3,-4.4,3,51.6,安値反転候補,23.9,今買い候補,良さそう,irbank:2026/03,自動取得財務でランキング反映。原資料チェックで精度を上げる,今買い候補。自動取得財務と月次シグナルで条件内です。2倍監視: 9〜18か月目安。2倍期待あり: 広域検証良好 / 価格スコア51.6 / 検証3回 / 下落浅め-4.4% / 低PBR+低PER / 特殊業種は財務指標を割引,自動取得財務で判定。原資料チェック推奨
91,4678,秀英予備校,スタンダード（内国株式）,サービス業,自動今買い候補,通常候補前,120.75,130.75,10,2倍要素薄め,下落浅め-0.3% / 低PBR+低PER,通常候補,606,2倍狙いではなく第一利確優先,2倍化条件は弱めです。短期利確と損切りを優先します,303,453.89,1609.68,567.37,0.67,431.25,0.43,4.52,19.93,100,3.4,-0.3,1,26.5,待ち,3.4,今買い候補,中立,irbank:2026/03,自動取得財務でランキング反映。原資料チェックで精度を上げる,今買い候補。自動取得財務と月次シグナルで条件内です。通常候補: 2倍狙いではなく第一利確優先。2倍要素薄め: 下落浅め-0.3% / 低PBR+低PER,自動取得財務で判定。原資料チェック推奨 / 2倍化条件は弱い。第一利確優先
92,9506,東北電力,プライム（内国株式）,電気・ガス業,自動今買い候補,通常候補前,106.21,130.21,24,2倍監視,広域検証良好 / 価格スコア68.8 / 下落浅め-0.4% / 低PBR+低PER / 特殊業種は財務指標を割引,2倍監視,2084,12か月以上。条件改善待ち,現時点では監視寄りです。上昇中押し目か価格スコア改善を待ちます,1042,1421.63,4076.4,1777.04,0.73,291.21,0.47,6.13,-458.92,100,9.2,-0.4,2,68.8,安値反転候補,6.9,今買い候補,良さそう,irbank:2026/03,自動取得財務でランキング反映。原資料チェックで精度を上げる,今買い候補。自動取得財務と月次シグナルで条件内です。2倍監視: 12か月以上。条件改善待ち。2倍監視: 広域検証良好 / 価格スコア68.8 / 下落浅め-0.4% / 低PBR+低PER / 特殊業種は財務指標を割引,自動取得財務で判定。原資料チェック推奨
93,9990,サックスバー　ホールディングス,プライム（内国株式）,小売業,自動買い場近い,通常候補前,97.65,129.65,32,2倍期待あり,広域検証良好 / 価格スコア62.6 / 下落浅め-0.1% / 低PBR+低PER,2倍監視,1474,9〜18か月目安,2倍要素はあります。まず第一利確とPBR平均到達を確認します,737,680.4,1744.56,884.4,1.08,136.71,0.69,10.14,20.81,100,5.9,-0.1,2,62.6,安値反転候補,-8.7,買い場近い,良さそう,irbank:2026/03,自動取得財務でランキング反映。原資料チェックで精度を上げる,買い場近い。自動取得財務と月次シグナルで条件内です。2倍監視: 9〜18か月目安。2倍期待あり: 広域検証良好 / 価格スコア62.6 / 下落浅め-0.1% / 低PBR+低PER,自動取得財務で判定。原資料チェック推奨
94,2286,林兼産業,スタンダード（内国株式）,食料品,自動今買い候補,通常候補前,94.61,129.61,35,2倍期待あり,上昇中押し目 / 検証3回 / 下落浅め-8.7% / 低PBR+低PER,2倍監視,1758,9〜18か月目安,2倍要素はあります。まず第一利確とPBR平均到達を確認します,879,1063.26,3526.8,1329.08,0.83,301.23,0.53,5.98,-59.62,66.7,0.7,-8.7,3,31.3,上昇中押し目,72.4,今買い候補,中立,irbank:2026/03,自動取得財務でランキング反映。原資料チェックで精度を上げる,今買い候補。自動取得財務と月次シグナルで条件内です。2倍監視: 9〜18か月目安。2倍期待あり: 上昇中押し目 / 検証3回 / 下落浅め-8.7% / 低PBR+低PER,自動取得財務で判定。原資料チェック推奨
95,9104,商船三井,プライム（内国株式）,海運業,財務注意つき買い場近い,通常候補前,85.57,129.57,44,2倍期待あり,広域検証良好 / 価格スコア69.2 / 勝率100%/平均17.6% / 下落浅め-5.9% / 低PBR+低PER,2倍監視,10438,9〜18か月目安,2倍要素はあります。まず第一利確とPBR平均到達を確認します,5219,4948.2,12798.65,6262.8,1.05,145.23,0.62,10.55,-113.09,100,17.6,-5.9,2,69.2,待ち,7.1,買い場近い,良さそう,irbank:2026/03,自動取得財務でランキング反映。原資料チェックで精度を上げる,買い場近い。自動取得財務と月次シグナルで条件内です。2倍監視: 9〜18か月目安。2倍期待あり: 広域検証良好 / 価格スコア69.2 / 勝率100%/平均17.6% / 下落浅め-5.9% / 低PBR+低PER,ネット有利子負債が重め。負債と利益継続性を確認
96,8550,栃木銀行,プライム（内国株式）,銀行業,自動買い場近い,通常候補前,80.81,128.81,48,2倍期待強,広域検証良好 / 価格スコア54.4 / 検証5回 / 勝率80%/平均10.2% / 下落浅め-7.5% / 低PBR+低PER / 特殊業種は財務指標を割引,2倍候補,1830,6〜12か月目安,2倍条件は強いですが、短期化には出来高増加と材料が必要です,915,864.3,2398.5,1098,1.06,162.13,0.58,10.59,479.48,80,10.2,-7.5,5,54.4,待ち,137.7,買い場近い,良さそう,irbank:2026/03,自動取得財務でランキング反映。原資料チェックで精度を上げる,買い場近い。自動取得財務と月次シグナルで条件内です。2倍候補: 6〜12か月目安。2倍期待強: 広域検証良好 / 価格スコア54.4 / 検証5回 / 勝率80%/平均10.2% / 下落浅め-7.5% / 低PBR+低PER / 特殊業種は財務指標を割引,自動取得財務で判定。原資料チェック推奨
97,7427,エコートレーディング,スタンダード（内国株式）,卸売業,自動今買い候補,通常候補前,113.64,128.64,15,2倍監視,下落浅め-6.5% / ネット現金50%以上 / 低PBR+低PER,2倍監視,1660,12か月以上。条件改善待ち,現時点では監視寄りです。上昇中押し目か価格スコア改善を待ちます,830,1248.1,3068.15,1560.13,0.67,269.66,0.41,6.65,90.87,50,-2,-6.5,2,21.7,安値反転候補,-6.4,今買い候補,見送り寄り,irbank:2026/02,自動取得財務でランキング反映。原資料チェックで精度を上げる,今買い候補。自動取得財務と月次シグナルで条件内です。2倍監視: 12か月以上。条件改善待ち。2倍監視: 下落浅め-6.5% / ネット現金50%以上 / 低PBR+低PER,自動取得財務で判定。原資料チェック推奨
98,9268,オプティマスグループ,スタンダード（内国株式）,卸売業,財務注意つき自動今買い,通常候補前,96.5,128.5,32,2倍期待あり,価格スコア53.7 / 勝率100%/平均17.4% / 下落浅め-0.9% / 低PBR+低PER,2倍監視,754,9〜18か月目安,2倍要素はあります。まず第一利確とPBR平均到達を確認します,377,392.58,1298.16,490.73,0.96,244.34,0.61,6.97,-520.27,100,17.4,-0.9,1,53.7,待ち,13.2,今買い候補,中立,irbank:2026/03,自動取得財務でランキング反映。原資料チェックで精度を上げる,今買い候補。自動取得財務と月次シグナルで条件内です。2倍監視: 9〜18か月目安。2倍期待あり: 価格スコア53.7 / 勝率100%/平均17.4% / 下落浅め-0.9% / 低PBR+低PER,ネット有利子負債が重め。負債と利益継続性を確認
99,8165,千趣会,スタンダード（内国株式）,小売業,自動今買い候補,通常候補前,110.38,128.38,18,2倍監視,下落浅め0% / ネット現金100%以上 / 低PBR+低PER,2倍監視,216,12か月以上。条件改善待ち,現時点では監視寄りです。上昇中押し目か価格スコア改善を待ちます,108,219.94,692.64,274.93,0.49,541.33,0.31,3.74,123.96,0,0,0,0,-30,待ち,-58.8,今買い候補,未約定,irbank:2026/03,自動取得財務でランキング反映。原資料チェックで精度を上げる,今買い候補。自動取得財務と月次シグナルで条件内です。2倍監視: 12か月以上。条件改善待ち。2倍監視: 下落浅め0% / ネット現金100%以上 / 低PBR+低PER,自動取得財務で判定。原資料チェック推奨
100,6445,ジャノメ,プライム（内国株式）,機械,自動買い場近い,通常候補前,96.05,128.05,32,2倍期待あり,価格スコア57.6 / 勝率100%/平均18.8% / 下落浅め0% / 低PBR+低PER,2倍監視,2570,9〜18か月目安,2倍要素はあります。まず第一利確とPBR平均到達を確認します,1285,1190.9,3156.68,1542,1.08,145.66,0.62,10.79,24.7,100,18.8,0,1,57.6,待ち,11.4,買い場近い,中立,irbank:2026/03,自動取得財務でランキング反映。原資料チェックで精度を上げる,買い場近い。自動取得財務と月次シグナルで条件内です。2倍監視: 9〜18か月目安。2倍期待あり: 価格スコア57.6 / 勝率100%/平均18.8% / 下落浅め0% / 低PBR+低PER,自動取得財務で判定。原資料チェック推奨
101,7980,重松製作所,スタンダード（内国株式）,その他製品,自動今買い候補,通常候補前,95.73,127.73,32,2倍期待あり,価格スコア50.8 / 勝率100%/平均16.8% / 下落浅め-2.3% / 低PBR+低PER,2倍監視,1588,9〜18か月目安,2倍要素はあります。まず第一利確とPBR平均到達を確認します,794,849.25,2463.6,1061.56,0.93,210.28,0.6,7.74,-107.87,100,16.8,-2.3,1,50.8,待ち,-0.6,今買い候補,中立,irbank:2026/03,自動取得財務でランキング反映。原資料チェックで精度を上げる,今買い候補。自動取得財務と月次シグナルで条件内です。2倍監視: 9〜18か月目安。2倍期待あり: 価格スコア50.8 / 勝率100%/平均16.8% / 下落浅め-2.3% / 低PBR+低PER,自動取得財務で判定。原資料チェック推奨
102,9896,ＪＫホールディングス,スタンダード（内国株式）,卸売業,自動今買い候補,通常候補前,105.26,127.26,22,2倍監視,勝率100%/平均12.7% / 下落浅め0% / 低PBR+低PER,2倍監視,2846,12か月以上。条件改善待ち,現時点では監視寄りです。上昇中押し目か価格スコア改善を待ちます,1423,1565.04,3843.6,1956.3,0.91,170.11,0.58,8.89,44.28,100,12.7,0,1,45.3,待ち,17.4,今買い候補,中立,irbank:2026/03,自動取得財務でランキング反映。原資料チェックで精度を上げる,今買い候補。自動取得財務と月次シグナルで条件内です。2倍監視: 12か月以上。条件改善待ち。2倍監視: 勝率100%/平均12.7% / 下落浅め0% / 低PBR+低PER,自動取得財務で判定。原資料チェック推奨
103,5906,エムケー精工,スタンダード（内国株式）,金属製品,自動今買い候補,通常候補前,97.93,126.93,29,2倍期待あり,広域検証良好 / 検証3回 / 下落浅め-4.7% / 低PBR+低PER,2倍監視,1568,9〜18か月目安,2倍要素はあります。まず第一利確とPBR平均到達を確認します,784,891.45,2585.04,1114.31,0.88,229.72,0.56,7.28,-2.27,66.7,8.1,-4.7,3,42.9,待ち,60,今買い候補,良さそう,irbank:2026/03,自動取得財務でランキング反映。原資料チェックで精度を上げる,今買い候補。自動取得財務と月次シグナルで条件内です。2倍監視: 9〜18か月目安。2倍期待あり: 広域検証良好 / 検証3回 / 下落浅め-4.7% / 低PBR+低PER,自動取得財務で判定。原資料チェック推奨
104,1798,守谷商会,スタンダード（内国株式）,建設業,自動今買い候補,通常候補前,111.7,126.7,15,2倍監視,下落浅め-1.2% / ネット現金50%以上 / 低PBR+低PER,2倍監視,2184,12か月以上。条件改善待ち,現時点では監視寄りです。上昇中押し目か価格スコア改善を待ちます,1092,1100.61,3741.6,1375.76,0.99,242.64,0.63,7,50.92,100,7.2,-1.2,1,32.9,待ち,42.4,今買い候補,中立,irbank:2026/03,自動取得財務でランキング反映。原資料チェックで精度を上げる,今買い候補。自動取得財務と月次シグナルで条件内です。2倍監視: 12か月以上。条件改善待ち。2倍監視: 下落浅め-1.2% / ネット現金50%以上 / 低PBR+低PER,自動取得財務で判定。原資料チェック推奨
105,7218,田中精密工業,スタンダード（内国株式）,輸送用機器,自動今買い候補,通常候補前,116.59,126.59,10,2倍要素薄め,下落浅め-1.8% / 低PBR+低PER,通常候補,2230,2倍狙いではなく第一利確優先,2倍化条件は弱めです。短期利確と損切りを優先します,1115,1537.7,4071.97,1922.13,0.73,265.2,0.42,7.25,6.84,100,3,-1.8,1,23.8,待ち,10.7,今買い候補,中立,irbank:2026/03,自動取得財務でランキング反映。原資料チェックで精度を上げる,今買い候補。自動取得財務と月次シグナルで条件内です。通常候補: 2倍狙いではなく第一利確優先。2倍要素薄め: 下落浅め-1.8% / 低PBR+低PER,自動取得財務で判定。原資料チェック推奨 / 2倍化条件は弱い。第一利確優先
106,6342,太平製作所,スタンダード（内国株式）,機械,自動今買い候補,通常候補前,116.01,126.01,10,2倍要素薄め,下落浅め-1.2% / 低PBR+低PER,通常候補,5426,2倍狙いではなく第一利確優先,2倍化条件は弱めです。短期利確と損切りを優先します,2713,3458.9,8516.06,4323.63,0.78,213.9,0.49,7.84,42.12,50,10.8,-1.2,2,43.5,待ち,2.8,今買い候補,中立,irbank:2026/03,自動取得財務でランキング反映。原資料チェックで精度を上げる,今買い候補。自動取得財務と月次シグナルで条件内です。通常候補: 2倍狙いではなく第一利確優先。2倍要素薄め: 下落浅め-1.2% / 低PBR+低PER,自動取得財務で判定。原資料チェック推奨 / 2倍化条件は弱い。第一利確優先
107,3355,クリヤマホールディングス,スタンダード（内国株式）,卸売業,財務注意つき自動今買い,通常候補前,94.01,126.01,32,2倍期待あり,広域検証良好 / 価格スコア55.8 / 下落浅め-1.6% / 低PBR+低PER,2倍監視,3170,9〜18か月目安,2倍要素はあります。まず第一利確とPBR平均到達を確認します,1585,1625.29,4624.8,2031.61,0.98,191.79,0.62,8.23,-5.44,100,3.3,-1.6,2,55.8,安値反転候補,7.8,今買い候補,良さそう,irbank:2026/03,自動取得財務でランキング反映。原資料チェックで精度を上げる,今買い候補。自動取得財務と月次シグナルで条件内です。2倍監視: 9〜18か月目安。2倍期待あり: 広域検証良好 / 価格スコア55.8 / 下落浅め-1.6% / 低PBR+低PER,ネット有利子負債が重め。負債と利益継続性を確認
108,6092,エンバイオ・ホールディングス,スタンダード（内国株式）,サービス業,財務注意つき自動今買い,通常候補前,93.67,125.67,32,2倍期待あり,価格スコア52.4 / 勝率100%/平均16.2% / 下落浅め0% / 低PBR+低PER,2倍監視,1384,9〜18か月目安,2倍要素はあります。まず第一利確とPBR平均到達を確認します,692,729.04,2040,911.3,0.95,194.8,0.61,8.14,-117.33,100,16.2,0,1,52.4,待ち,12.3,今買い候補,中立,irbank:2026/03,自動取得財務でランキング反映。原資料チェックで精度を上げる,今買い候補。自動取得財務と月次シグナルで条件内です。2倍監視: 9〜18か月目安。2倍期待あり: 価格スコア52.4 / 勝率100%/平均16.2% / 下落浅め0% / 低PBR+低PER,ネット有利子負債が重め。負債と利益継続性を確認
109,5986,モリテック　スチール,スタンダード（内国株式）,金属製品,自動買い場近い,通常候補前,93.58,125.58,32,2倍期待あり,価格スコア55 / 勝率100%/平均20.8% / 下落浅め-5.6% / 低PBR+低PER,2倍監視,454,9〜18か月目安,2倍要素はあります。まず第一利確とPBR平均到達を確認します,227,223.2,1102.26,279,1.02,385.58,0.32,10.17,-0.28,100,20.8,-5.6,1,55,待ち,20.7,買い場近い,中立,irbank:2026/03,自動取得財務でランキング反映。原資料チェックで精度を上げる,買い場近い。自動取得財務と月次シグナルで条件内です。2倍監視: 9〜18か月目安。2倍期待あり: 価格スコア55 / 勝率100%/平均20.8% / 下落浅め-5.6% / 低PBR+低PER,自動取得財務で判定。原資料チェック推奨
110,5753,日本伸銅,スタンダード（内国株式）,非鉄金属,自動今買い候補,通常候補前,105.17,125.17,20,2倍監視,価格スコア51.3 / 下落浅め-1.3% / 低PBR+低PER,2倍監視,4660,12か月以上。条件改善待ち,現時点では監視寄りです。上昇中押し目か価格スコア改善を待ちます,2330,3806.45,10219.92,4758.06,0.61,338.62,0.39,5.47,-47.47,50,9.7,-1.3,2,51.3,安値反転候補,13.7,今買い候補,中立,irbank:2026/03,自動取得財務でランキング反映。原資料チェックで精度を上げる,今買い候補。自動取得財務と月次シグナルで条件内です。2倍監視: 12か月以上。条件改善待ち。2倍監視: 価格スコア51.3 / 下落浅め-1.3% / 低PBR+低PER,自動取得財務で判定。原資料チェック推奨
111,7231,トピー工業,プライム（内国株式）,輸送用機器,自動今買い候補,通常候補前,96.01,125.01,29,2倍期待あり,広域検証良好 / 検証3回 / 下落浅め-6.6% / 低PBR+低PER,2倍監視,5428,9〜18か月目安,2倍要素はあります。まず第一利確とPBR平均到達を確認します,2714,2775.8,10190.7,3469.75,0.98,275.49,0.41,9.78,-52.15,66.7,4.7,-6.6,3,43.9,安値反転候補,21.1,今買い候補,良さそう,irbank:2026/03,自動取得財務でランキング反映。原資料チェックで精度を上げる,今買い候補。自動取得財務と月次シグナルで条件内です。2倍監視: 9〜18か月目安。2倍期待あり: 広域検証良好 / 検証3回 / 下落浅め-6.6% / 低PBR+低PER,自動取得財務で判定。原資料チェック推奨
112,1764,工藤建設,スタンダード（内国株式）,建設業,財務注意つき自動今買い,通常候補前,93,125,32,2倍期待あり,広域検証良好 / 価格スコア66.4 / 下落浅め-1% / 低PBR+低PER,2倍監視,5850,9〜18か月目安,2倍要素はあります。まず第一利確とPBR平均到達を確認します,2925,2973.56,7702.8,3716.95,0.98,163.34,0.63,9.11,-89.5,100,8.3,-1,2,66.4,安値反転候補,-1.4,今買い候補,良さそう,irbank:2026/03,自動取得財務でランキング反映。原資料チェックで精度を上げる,今買い候補。自動取得財務と月次シグナルで条件内です。2倍監視: 9〜18か月目安。2倍期待あり: 広域検証良好 / 価格スコア66.4 / 下落浅め-1% / 低PBR+低PER,ネット有利子負債が重め。負債と利益継続性を確認
113,9876,コックス,スタンダード（内国株式）,小売業,自動今買い候補,通常候補前,102.61,124.61,22,2倍監視,検証4回 / 下落浅め-7.1% / ネット現金50%以上 / 低PBR+低PER,2倍監視,460,12か月以上。条件改善待ち,現時点では監視寄りです。上昇中押し目か価格スコア改善を待ちます,230,243.85,938.4,304.81,0.94,308,0.6,5.88,92.99,50,0.9,-7.1,4,32.7,安値反転候補,12.7,今買い候補,中立,irbank:2026/02,自動取得財務でランキング反映。原資料チェックで精度を上げる,今買い候補。自動取得財務と月次シグナルで条件内です。2倍監視: 12か月以上。条件改善待ち。2倍監視: 検証4回 / 下落浅め-7.1% / ネット現金50%以上 / 低PBR+低PER,自動取得財務で判定。原資料チェック推奨
114,7254,ユニバンス,スタンダード（内国株式）,輸送用機器,自動今買い候補,通常候補前,109.54,124.54,15,2倍監視,下落浅め-5.8% / ネット現金50%以上 / 低PBR+低PER,2倍監視,1446,12か月以上。条件改善待ち,現時点では監視寄りです。上昇中押し目か価格スコア改善を待ちます,723,897.06,2300.16,1121.33,0.81,218.14,0.52,7.54,73.22,50,7.1,-5.8,2,30.6,待ち,83,今買い候補,中立,irbank:2026/03,自動取得財務でランキング反映。原資料チェックで精度を上げる,今買い候補。自動取得財務と月次シグナルで条件内です。2倍監視: 12か月以上。条件改善待ち。2倍監視: 下落浅め-5.8% / ネット現金50%以上 / 低PBR+低PER,自動取得財務で判定。原資料チェック推奨
115,4635,東京インキ,スタンダード（内国株式）,化学,自動今買い候補,通常候補前,95.51,124.51,29,2倍期待あり,広域検証良好 / 検証3回 / 下落浅め-6% / 低PBR+低PER,2倍監視,2660,9〜18か月目安,2倍要素はあります。まず第一利確とPBR平均到達を確認します,1330,1560.6,3905.1,1950.75,0.85,193.62,0.52,8.52,-10.89,66.7,9.1,-6,3,43.4,待ち,61.6,今買い候補,良さそう,irbank:2026/03,自動取得財務でランキング反映。原資料チェックで精度を上げる,今買い候補。自動取得財務と月次シグナルで条件内です。2倍監視: 9〜18か月目安。2倍期待あり: 広域検証良好 / 検証3回 / 下落浅め-6% / 低PBR+低PER,自動取得財務で判定。原資料チェック推奨
116,4365,松本油脂製薬,スタンダード（内国株式）,化学,自動買い場近い,通常候補前,108.8,123.8,15,2倍監視,下落浅め0% / ネット現金50%以上 / 低PBR+低PER,2倍監視,41200,12か月以上。条件改善待ち,現時点では監視寄りです。上昇中押し目か価格スコア改善を待ちます,20600,19684.62,66485.04,24720,1.05,222.74,0.67,7.44,55.83,100,2,0,1,34,安値反転候補,11.6,買い場近い,中立,irbank:2026/03,自動取得財務でランキング反映。原資料チェックで精度を上げる,買い場近い。自動取得財務と月次シグナルで条件内です。2倍監視: 12か月以上。条件改善待ち。2倍監視: 下落浅め0% / ネット現金50%以上 / 低PBR+低PER,自動取得財務で判定。原資料チェック推奨
117,8260,井筒屋,スタンダード（内国株式）,小売業,自動今買い候補,通常候補前,101.78,123.78,22,2倍監視,勝率100%/平均11.3% / 下落浅め-1.4% / 低PBR+低PER,2倍監視,752,12か月以上。条件改善待ち,現時点では監視寄りです。上昇中押し目か価格スコア改善を待ちます,376,450,1680.66,562.5,0.84,346.98,0.34,8.36,-236.26,100,11.3,-1.4,1,40.9,待ち,-11.9,今買い候補,中立,irbank:2026/02,自動取得財務でランキング反映。原資料チェックで精度を上げる,今買い候補。自動取得財務と月次シグナルで条件内です。2倍監視: 12か月以上。条件改善待ち。2倍監視: 勝率100%/平均11.3% / 下落浅め-1.4% / 低PBR+低PER,自動取得財務で判定。原資料チェック推奨
118,8563,大東銀行,スタンダード（内国株式）,銀行業,自動今買い候補,通常候補前,102.76,123.76,21,2倍監視,広域検証良好 / 検証3回 / 下落浅め-6.7% / 低PBR+低PER / 特殊業種は財務指標を割引,2倍監視,1892,12か月以上。条件改善待ち,現時点では監視寄りです。上昇中押し目か価格スコア改善を待ちます,946,1262.5,3518.24,1578.13,0.75,271.91,0.41,7.49,275.98,66.7,6.1,-6.7,3,36.5,待ち,33.8,今買い候補,良さそう,irbank:2026/03,自動取得財務でランキング反映。原資料チェックで精度を上げる,今買い候補。自動取得財務と月次シグナルで条件内です。2倍監視: 12か月以上。条件改善待ち。2倍監視: 広域検証良好 / 検証3回 / 下落浅め-6.7% / 低PBR+低PER / 特殊業種は財務指標を割引,自動取得財務で判定。原資料チェック推奨
119,3583,オーベクス,スタンダード（内国株式）,繊維製品,自動今買い候補,通常候補前,106.71,123.71,17,2倍監視,検証3回 / 下落浅め-9% / 低PBR+低PER,2倍監視,2430,12か月以上。条件改善待ち,現時点では監視寄りです。上昇中押し目か価格スコア改善を待ちます,1215,1694.84,5017.2,2118.54,0.72,312.94,0.46,5.81,31.96,66.7,-2,-9,3,27.5,安値反転候補,-3.6,今買い候補,見送り寄り,irbank:2026/03,自動取得財務でランキング反映。原資料チェックで精度を上げる,今買い候補。自動取得財務と月次シグナルで条件内です。2倍監視: 12か月以上。条件改善待ち。2倍監視: 検証3回 / 下落浅め-9% / 低PBR+低PER,自動取得財務で判定。原資料チェック推奨
120,7434,オータケ,スタンダード（内国株式）,卸売業,自動今買い候補,通常候補前,113.46,123.46,10,2倍要素薄め,下落浅め-0.3% / 低PBR+低PER,通常候補,3586,2倍狙いではなく第一利確優先,2倍化条件は弱めです。短期利確と損切りを優先します,1793,2192.5,6657.49,2740.63,0.82,271.3,0.41,8.18,41.44,100,1.2,-0.3,1,32.1,安値反転候補,5.3,今買い候補,中立,irbank:2026/02,自動取得財務でランキング反映。原資料チェックで精度を上げる,今買い候補。自動取得財務と月次シグナルで条件内です。通常候補: 2倍狙いではなく第一利確優先。2倍要素薄め: 下落浅め-0.3% / 低PBR+低PER,自動取得財務で判定。原資料チェック推奨 / 2倍化条件は弱い。第一利確優先
